User,Condition,AttentionScore
User 10,RET,0.9275816506318858
User 10,RET,0.9128516787756138
User 10,RET,0.904927020165906
User 10,RET,0.9373464365887644
User 10,RET,0.9375645285355264
User 10,RET,0.9206996371659479
User 10,RET,0.9373155745564834
User 10,RET,0.918716806856001
User 10,RET,0.942505034198618
User 10,RET,0.9161565400579823
User 10,RET,0.9161977984510954
User 10,RET,0.9290342289134627
User 10,RET,0.9229924499437386
User 10,RET,0.9439435772276156
User 10,RET,0.917824015894355
User 10,RET,0.9218534878977895
User 10,RET,0.9076516330747912
User 10,RET,0.9173007148418956
User 10,RET,0.9200354696828176
User 10,RET,0.9338331104666351
User 10,RET,0.918001404013
User 10,RET,0.9344522282622223
User 10,RET,0.92188693359638
User 10,RET,0.9221391972404637
User 10,RET,0.9264083305466022
User 10,RET,0.9323789025976679
User 10,RET,0.9255938494612621
User 10,RET,0.9096716056132089
User 10,RET,0.9174635485041335
User 10,RET,0.9184687854208295
User 10,RET,0.9238765503418229
User 10,RET,0.914532705510588
User 10,RET,0.909574924888664
User 10,RET,0.9152465966384914
User 10,RET,0.9248057854716443
User 10,RET,0.9272584509108118
User 10,RET,0.9304255331856099
User 10,RET,0.91890726462438
User 10,RET,0.9259464510467944
User 10,RET,0.9242974331717855
User 10,RET,0.9124710917168215
User 10,RET,0.9250699672134507
User 10,RET,0.9205361655015517
User 10,RET,0.9213137040095232
User 10,RET,0.9344450206043642
User 10,RET,0.9145711699983989
User 10,RET,0.9207604228932917
User 10,RET,0.9327568846241203
User 10,RET,0.9273917859466828
User 10,RET,0.931952867484687
User 10,RET,0.9304140186346345
User 10,RET,0.9220199932644255
User 10,RET,0.9243747396262035
User 10,RET,0.9142067017834745
User 10,RET,0.9107603595344196
User 10,RET,0.9175869743204726
User 11,SHT,0.9297769615623988
User 11,SHT,0.8991206271445976
User 11,SHT,0.9174395836462377
User 11,SHT,0.9034776428361296
User 11,SHT,0.9076622585584012
User 11,SHT,0.9266511142556955
User 11,SHT,0.925949856880963
User 11,SHT,0.8933742480585646
User 11,SHT,0.8797536577974129
User 11,SHT,0.8761762867916973
User 11,SHT,0.8903616075418288
User 11,SHT,0.9266159757253881
User 11,SHT,0.8825660338118645
User 11,SHT,0.8930583880290497
User 11,SHT,0.8853538122857337
User 11,SHT,0.9058403643805206
User 11,SHT,0.8791407624056713
User 11,SHT,0.8770254588905393
User 11,SHT,0.9075091745534657
User 11,SHT,0.9080473955277392
User 11,SHT,0.9359635977783627
User 11,SHT,0.9137804688925316
User 11,SHT,0.9195142000650438
User 11,SHT,0.8936662268193137
User 11,SHT,0.891052082472151
User 11,SHT,0.9208339640366726
User 11,SHT,0.8934301806542917
User 11,SHT,0.9180773953251694
User 11,SHT,0.9248591225773732
User 11,SHT,0.9243718055204541
User 11,SHT,0.8996774730746082
User 11,SHT,0.9186994589413832
User 11,SHT,0.9212156959640196
User 11,SHT,0.9139173689493075
User 11,SHT,0.9057427294441375
User 11,SHT,0.9200623192702435
User 11,SHT,0.9294844451591913
User 11,SHT,0.9292570080550416
User 11,SHT,0.9190971693719296
User 11,SHT,0.911243415078282
User 11,SHT,0.917988717230148
User 11,SHT,0.9034719289135791
User 11,SHT,0.9218486351377785
User 11,SHT,0.9210987177052722
User 11,SHT,0.920925596262515
User 11,SHT,0.8969229433500908
User 11,SHT,0.924596030589536
User 11,SHT,0.918682818426027
User 11,SHT,0.912242915304868
User 11,SHT,0.9208790913501916
User 11,SHT,0.9184418258909093
User 11,SHT,0.9107789555170442
User 11,SHT,0.9125159177911205
User 11,SHT,0.9225950962021761
User 11,SHT,0.9192977905810585
User 11,SHT,0.9216781853063309
User 11,SHT,0.9208520995420355
User 11,SHT,0.9020432153092567
User 11,SHT,0.9240390053250072
User 12,SHT,0.9280165531739684
User 12,SHT,0.9417546733615082
User 12,SHT,0.9463592399414832
User 12,SHT,0.9481551429086407
User 12,SHT,0.9425114502223421
User 12,SHT,0.9416014007293347
User 12,SHT,0.9368594648168675
User 12,SHT,0.9434909203723821
User 12,SHT,0.9567517941885662
User 12,SHT,0.9393937838850257
User 12,SHT,0.9244029435644134
User 12,SHT,0.9461201338418214
User 12,SHT,0.9397882329929187
User 12,SHT,0.9371805229325025
User 12,SHT,0.9412998991954045
User 12,SHT,0.9541054278659565
User 12,SHT,0.9411637166434278
User 12,SHT,0.9359913650092342
User 12,SHT,0.9365691976893957
User 12,SHT,0.93883517421513
User 12,SHT,0.9422465197833529
User 12,SHT,0.9366966314082288
User 12,SHT,0.952724383094347
User 12,SHT,0.9354416478986611
User 12,SHT,0.927594310869068
User 12,SHT,0.9397581188186874
User 12,SHT,0.9481949170173988
User 12,SHT,0.9388120296145219
User 12,SHT,0.9471538100884989
User 12,SHT,0.9316941595393947
User 12,SHT,0.9467976510338495
User 12,SHT,0.9477618139891065
User 12,SHT,0.9416671611636241
User 12,SHT,0.9229588491317638
User 12,SHT,0.9560623602489954
User 12,SHT,0.943962130448798
User 12,SHT,0.9395582386883099
User 12,SHT,0.9469260898945766
User 12,SHT,0.9255031922989881
User 12,SHT,0.9362123860889784
User 12,SHT,0.9415553999730619
User 12,SHT,0.9484450613390332
User 12,SHT,0.9530348318555824
User 12,SHT,0.9459875585071429
User 12,SHT,0.9303776389617334
User 12,SHT,0.9335647737883888
User 12,SHT,0.9417788085047487
User 12,SHT,0.9442117455165836
User 12,SHT,0.9410343566306191
User 12,SHT,0.9338832799330187
User 12,SHT,0.9429183574371887
User 12,SHT,0.9294473562315532
User 13,SHT,0.9470239976282079
User 13,SHT,0.9249650355920936
User 13,SHT,0.9300830916930449
User 13,SHT,0.9396085964749362
User 13,SHT,0.927029685121427
User 13,SHT,0.9283205359874328
User 13,SHT,0.9326830956887521
User 13,SHT,0.9427153851262335
User 13,SHT,0.9475181232410537
User 13,SHT,0.9425382306192662
User 13,SHT,0.920770385939039
User 13,SHT,0.9452063259407593
User 13,SHT,0.9413097702151128
User 13,SHT,0.9240867955048813
User 13,SHT,0.9428036844968969
User 13,SHT,0.9332635035297856
User 13,SHT,0.9396609380086598
User 13,SHT,0.9352464751601273
User 13,SHT,0.9390856081369697
User 13,SHT,0.9379467849918518
User 13,SHT,0.9271574361837703
User 13,SHT,0.9348509632737565
User 13,SHT,0.9379532126278554
User 13,SHT,0.932536146960394
User 13,SHT,0.9223470035685135
User 13,SHT,0.9039785853925585
User 13,SHT,0.9326604880479483
User 13,SHT,0.9360666414753432
User 13,SHT,0.9275044792376321
User 13,SHT,0.9312844683315659
User 13,SHT,0.930026602698563
User 13,SHT,0.9406916292369971
User 13,SHT,0.9385492532195858
User 13,SHT,0.9291060942549408
User 13,SHT,0.9315982739178355
User 13,SHT,0.930118962404885
User 13,SHT,0.9434760806896503
User 13,SHT,0.9505713593412289
User 13,SHT,0.9292103219503781
User 13,SHT,0.9531162603695799
User 13,SHT,0.9342528223942574
User 13,SHT,0.9378840823659333
User 13,SHT,0.9366459850374234
User 13,SHT,0.9289950947542958
User 13,SHT,0.9420455432591422
User 13,SHT,0.9426462800407481
User 13,SHT,0.9467195109185526
User 13,SHT,0.9507705821165727
User 13,SHT,0.935562145538644
User 13,SHT,0.9377337321230076
User 14,SHT,0.9436158709006077
User 14,SHT,0.9295521711635477
User 14,SHT,0.9272839090524032
User 14,SHT,0.9273019551635349
User 14,SHT,0.9217797426502176
User 14,SHT,0.9223908006895791
User 14,SHT,0.9320581514194426
User 14,SHT,0.9304444717493162
User 14,SHT,0.9312015590274265
User 14,SHT,0.9317691339663587
User 14,SHT,0.9299254710393644
User 14,SHT,0.9370803834234082
User 14,SHT,0.9242944096699904
User 14,SHT,0.9290488323983904
User 15,SHT,0.9234997851341841
User 15,SHT,0.9138814013481797
User 15,SHT,0.9278803368852643
User 15,SHT,0.9382298809718544
User 15,SHT,0.9167853168768788
User 15,SHT,0.9205230307049022
User 15,SHT,0.9256454597785438
User 15,SHT,0.9093143958405644
User 15,SHT,0.9218242371627092
User 15,SHT,0.9264012147552123
User 15,SHT,0.9249959374209026
User 15,SHT,0.9323459377226968
User 15,SHT,0.9276751936492272
User 15,SHT,0.9222982914955382
User 15,SHT,0.9168988264636085
User 15,SHT,0.8971621369065833
User 15,SHT,0.9016324744831989
User 15,SHT,0.9363479467040426
User 15,SHT,0.9317601972696993
User 15,SHT,0.9208951410938152
User 15,SHT,0.9329137310458431
User 15,SHT,0.911706856034324
User 15,SHT,0.9356353603720614
User 15,SHT,0.9422291193682454
User 15,SHT,0.9366628269171268
User 15,SHT,0.9260764445381353
User 15,SHT,0.9125770174339202
User 19,RET,0.9165484908210078
User 19,RET,0.924256801312956
User 19,RET,0.9182373559363781
User 19,RET,0.9174519190846657
User 19,RET,0.9196875361722273
User 19,RET,0.9221705755153047
User 19,RET,0.9315644729728805
User 19,RET,0.9149572342751064
User 19,RET,0.8929436653661393
User 19,RET,0.9145093459689907
User 19,RET,0.9051703496517646
User 19,RET,0.9133042271877161
User 19,RET,0.9117169945758025
User 19,RET,0.929501320769276
User 19,RET,0.9071276952429258
User 19,RET,0.9088410258461286
User 20,SHT,0.9371005688147283
User 20,SHT,0.9056870630528451
User 20,SHT,0.9088841681644784
User 20,SHT,0.906777035414138
User 20,SHT,0.8983501353261445
User 20,SHT,0.9418166008231218
User 20,SHT,0.9264651636545637
User 20,SHT,0.9387260141904854
User 20,SHT,0.9117984522080104
User 20,SHT,0.9119847622521594
User 20,SHT,0.9046979713243325
User 20,SHT,0.9255618552987778
User 20,SHT,0.9360894100159235
User 20,SHT,0.9238346576239752
User 20,SHT,0.9296812975877935
User 20,SHT,0.9186259806515614
User 20,SHT,0.9150779735112347
User 20,SHT,0.9425425568999931
User 20,SHT,0.9420555940192238
User 20,SHT,0.9285704952922845
User 20,SHT,0.9225646455590923
User 20,SHT,0.9208014670812389
User 20,SHT,0.934444639867897
User 20,SHT,0.8930180259512093
User 20,SHT,0.9441103538292471
User 20,SHT,0.9235566512411515
User 20,SHT,0.9096716991983769
User 20,SHT,0.9025967846698425
User 20,SHT,0.944985495549697
User 20,SHT,0.9381653767810825
User 20,SHT,0.9354102532596693
User 20,SHT,0.9197469567340532
User 20,SHT,0.9183462599713386
User 20,SHT,0.930295255992747
User 20,SHT,0.9010249695177037
User 20,SHT,0.929844795176603
User 20,SHT,0.9277583209726322
User 20,SHT,0.9382676558679742
User 20,SHT,0.9145420034606829
User 20,SHT,0.8947984688277016
User 20,SHT,0.9352750780262955
User 20,SHT,0.9397343609721247
User 20,SHT,0.9409217287653108
User 20,SHT,0.9291963191555791
User 20,SHT,0.9089352739143036
User 20,SHT,0.9209166684496902
User 20,SHT,0.9100203351654684
User 20,SHT,0.9072957069155075
User 20,SHT,0.925909759549678
User 20,SHT,0.939096044312278
User 21,RET,0.9326588767952975
User 21,RET,0.9423756622519603
User 21,RET,0.948045218831164
User 21,RET,0.9247625360055606
User 21,RET,0.9383103393696717
User 21,RET,0.934733586669565
User 21,RET,0.9281815598843405
User 21,RET,0.9365308714601435
User 21,RET,0.9266424134097929
User 21,RET,0.9321726849873742
User 21,RET,0.9214489673909211
User 21,RET,0.9165844300050706
User 21,RET,0.9223098769305584
User 21,RET,0.9343408344414215
User 21,RET,0.9320912538195636
User 21,RET,0.9184736570233084
User 21,RET,0.9254797418245633
User 21,RET,0.9271732631856792
User 21,RET,0.9322130524173112
User 21,RET,0.9237205603645302
User 21,RET,0.9265310394695828
User 21,RET,0.9461369754338312
User 21,RET,0.9314146096785222
User 21,RET,0.9256050363047087
User 21,RET,0.9302334114379665
User 21,RET,0.9322002004130344
User 21,RET,0.9264972952253543
User 21,RET,0.9311856348928715
User 21,RET,0.9289827991726671
User 21,RET,0.9344422599186252
User 21,RET,0.930569093490367
User 21,RET,0.9298243660729377
User 21,RET,0.9289489047595638
User 21,RET,0.9282868219886427
User 21,RET,0.9273238515019379
User 21,RET,0.9237007311175988
User 21,RET,0.9213121703623239
User 21,RET,0.9306864150175131
User 21,RET,0.923120437904502
User 21,RET,0.9312143630324023
User 21,RET,0.9286986036041868
User 21,RET,0.9273015657766949
User 21,RET,0.9405652763108536
User 21,RET,0.9281262771693412
User 21,RET,0.9232363984618585
User 21,RET,0.929464156198281
User 21,RET,0.9197365788307257
User 21,RET,0.9272738595791066
User 21,RET,0.9191542156446886
User 21,RET,0.9514185037538029
User 21,RET,0.9320008351483603
User 21,RET,0.9237961933242606
User 21,RET,0.9321572255228223
User 21,RET,0.9217046090385309
User 21,RET,0.9243246085447465
User 21,RET,0.932902479528008
User 23,RET,0.9457860760490978
User 23,RET,0.9390856686750808
User 23,RET,0.9476098539552211
User 23,RET,0.9490086178559682
User 23,RET,0.9466741511755709
User 23,RET,0.9348253116211849
User 23,RET,0.9250661680991376
User 23,RET,0.9403337303533646
User 23,RET,0.93815094329652
User 23,RET,0.94980057671545
User 23,RET,0.9332325457398565
User 23,RET,0.9442393404104917
User 23,RET,0.9488133700360981
User 23,RET,0.9431360668799603
User 23,RET,0.9460513966945906
User 23,RET,0.9342213699055109
User 23,RET,0.9408591674586327
User 23,RET,0.9470440684343296
User 23,RET,0.941273135045941
User 23,RET,0.9537753091385531
User 23,RET,0.9452367352809655
User 23,RET,0.9474699018645056
User 23,RET,0.9389600832695677
User 23,RET,0.9326884388656271
User 23,RET,0.9338162836948121
User 23,RET,0.9345633056448165
User 23,RET,0.9371919150773111
User 23,RET,0.9406467018880941
User 23,RET,0.9447733335720491
User 23,RET,0.9415951258780524
User 23,RET,0.9390582546390192
User 23,RET,0.9310715944980796
User 23,RET,0.9443299762529157
User 23,RET,0.9454917348680515
User 23,RET,0.9407944665500836
User 23,RET,0.9465296908419173
User 23,RET,0.946855630794429
User 23,RET,0.9369923855543746
User 23,RET,0.9381188724606827
User 23,RET,0.9478932136423918
User 23,RET,0.9491392968833816
User 23,RET,0.9437657070376769
User 23,RET,0.9308514840334206
User 23,RET,0.9386266180964161
User 23,RET,0.9552260380396784
User 23,RET,0.9386598955802526
User 23,RET,0.938284243885458
User 23,RET,0.9365239666521876
User 23,RET,0.9315918984238558
User 23,RET,0.9480399663300098
User 23,RET,0.9585165021247268
User 23,RET,0.9524786461422523
User 23,RET,0.946117905913566
User 23,RET,0.9376000595517626
User 23,RET,0.9353096699386843
User 23,RET,0.9406447476689449
User 23,RET,0.9428442560053422
User 23,RET,0.9608509792953344
User 26,RET,0.9204657308307789
User 26,RET,0.9342390749515735
User 26,RET,0.9284198980717867
User 26,RET,0.9373495304853087
User 26,RET,0.9404382806071908
User 26,RET,0.9300093296779408
User 26,RET,0.9387904633190549
User 26,RET,0.9342731998624736
User 26,RET,0.9323139892213181
User 26,RET,0.9366550376471213
User 26,RET,0.9408326227232198
User 26,RET,0.9293609391965282
User 26,RET,0.9353706032687967
User 26,RET,0.9382821871527366
User 26,RET,0.9428277070190828
User 26,RET,0.9548481584531192
User 26,RET,0.9398646105681748
User 26,RET,0.9419566519497187
User 26,RET,0.9367133579324638
User 26,RET,0.9101501242206216
User 26,RET,0.9395018702279727
User 26,RET,0.9407637036244193
User 26,RET,0.9523952859482169
User 26,RET,0.9370167728041452
User 26,RET,0.9337248198895283
User 26,RET,0.9375256223409214
User 26,RET,0.9397303173052923
User 26,RET,0.9417532314471331
User 26,RET,0.9356023977395367
User 26,RET,0.9402435703401231
User 26,RET,0.9269032969945614
User 26,RET,0.9385732843187771
User 26,RET,0.9423095158242214
User 26,RET,0.9323508306452899
User 26,RET,0.9316350993938554
User 26,RET,0.9359570494123469
User 26,RET,0.954259594755415
User 26,RET,0.9305717211454453
User 26,RET,0.9357806025220319
User 26,RET,0.9274704842411182
User 26,RET,0.9334546900077476
User 26,RET,0.9237320062926463
User 26,RET,0.9266878451268201
User 26,RET,0.9325431816669959
User 26,RET,0.9386204583546769
User 26,RET,0.9260125964120745
User 26,RET,0.9305569574920087
User 26,RET,0.9489205371053299
User 26,RET,0.9467364722421069
User 26,RET,0.9233286291054622
User 26,RET,0.9364487988289508
User 26,RET,0.9261995968719612
User 26,RET,0.9260336916711019
User 26,RET,0.9199500959086157
User 26,RET,0.9179920421533755
User 26,RET,0.9266292858574586
User 26,RET,0.9295107805090141
User 26,RET,0.9103116977985779
User 26,RET,0.9179504476317348
User 26,RET,0.9274948446805135
User 26,RET,0.9141139002749792
User 29,RET,0.9403036450570824
User 29,RET,0.937777475618353
User 29,RET,0.9455719808570914
User 29,RET,0.9503263611679107
User 29,RET,0.9322796986579358
User 29,RET,0.9205416171661798
User 29,RET,0.9287707673020416
User 29,RET,0.9435812151275146
User 29,RET,0.9295297583256046
User 29,RET,0.9299346213311197
User 29,RET,0.937977792959766
User 29,RET,0.9264829244148104
User 29,RET,0.9322192563351152
User 29,RET,0.8990894648687024
User 29,RET,0.9128312749781682
User 29,RET,0.9258855637193444
User 29,RET,0.9330606628574563
User 29,RET,0.910209755472915
User 29,RET,0.9426633991051601
User 29,RET,0.8875313152859768
User 29,RET,0.9054679143687744
User 29,RET,0.9210493307896567
User 29,RET,0.9224416779290094
User 29,RET,0.9355431715394738
User 29,RET,0.9173000182998469
User 29,RET,0.9192871229577201
User 29,RET,0.9095479241813441
User 29,RET,0.9222039010083662
User 29,RET,0.9093905495825406
User 29,RET,0.907217299145206
User 29,RET,0.9207371460757887
User 29,RET,0.9186113542436561
User 29,RET,0.9350413208664282
User 29,RET,0.9278312222920044
User 29,RET,0.930144866398272
User 29,RET,0.9233125734717459
User 29,RET,0.9212994459656678
User 29,RET,0.9203112810438366
User 29,RET,0.9257428338919482
User 29,RET,0.9326218696929609
User 29,RET,0.92364778963189
User 29,RET,0.9218278494480304
User 29,RET,0.9142126850004276
User 29,RET,0.9280220340268317
User 29,RET,0.9364668348461853
User 29,RET,0.9215826081943541
User 29,RET,0.9255098710679913
User 29,RET,0.9313507363695812
User 29,RET,0.9239004720090589
User 29,RET,0.9277150808430903
User 29,RET,0.9343036633488478
User 29,RET,0.9456121229188815
User 29,RET,0.9313177410498211
User 29,RET,0.9379057447093494
User 29,RET,0.9223867748169697
User 3,SHT,0.8951722971557763
User 3,SHT,0.9155261936804767
User 3,SHT,0.9034639054927041
User 3,SHT,0.907707810344788
User 3,SHT,0.9045050036456702
User 3,SHT,0.921618293032622
User 3,SHT,0.9029901036286007
User 3,SHT,0.9088710862859739
User 3,SHT,0.9070897018397462
User 3,SHT,0.9161324862879818
User 3,SHT,0.9055551723852352
User 3,SHT,0.91194369376285
User 3,SHT,0.9102645037673246
User 3,SHT,0.916850771088639
User 3,SHT,0.9006705650932819
User 3,SHT,0.9244920595020006
User 3,SHT,0.8972483098487426
User 3,SHT,0.9287598712956739
User 3,SHT,0.9034227889949115
User 3,SHT,0.9222490891014586
User 3,SHT,0.9047757526947764
User 3,SHT,0.9240844398626997
User 3,SHT,0.9090240023659183
User 3,SHT,0.9080861002286481
User 3,SHT,0.9287577505565001
User 3,SHT,0.91178391650883
User 3,SHT,0.8977841670308585
User 3,SHT,0.9504211650385
User 3,SHT,0.9097462718161214
User 3,SHT,0.9086642825112436
User 3,SHT,0.8934307932519177
User 3,SHT,0.9210452583439944
User 3,SHT,0.9040140617761075
User 3,SHT,0.9055751586019833
User 3,SHT,0.9056088730422137
User 3,SHT,0.9233601161486161
User 3,SHT,0.9130078837646066
User 3,SHT,0.9007083696946748
User 3,SHT,0.9186637531354306
User 3,SHT,0.895851807030287
User 3,SHT,0.8872142302459594
User 3,SHT,0.919049573658929
User 30,RET,0.9289758099104536
User 30,RET,0.9366840445630363
User 30,RET,0.9353585986984818
User 30,RET,0.9215744670961787
User 30,RET,0.9292348100900895
User 30,RET,0.9258035862197097
User 30,RET,0.9283884511082793
User 30,RET,0.9205604224564742
User 30,RET,0.9282962571450915
User 30,RET,0.9193238138010973
User 30,RET,0.9292342603275431
User 30,RET,0.9318630923209569
User 30,RET,0.9295627518690771
User 30,RET,0.9247406289669038
User 30,RET,0.9200624627740234
User 30,RET,0.9283471108671993
User 30,RET,0.9183512316016824
User 30,RET,0.9227020604161933
User 30,RET,0.9246683621629389
User 30,RET,0.9341967561092366
User 30,RET,0.9373188537316819
User 30,RET,0.9331475471516294
User 30,RET,0.9276276063081654
User 30,RET,0.923398393407765
User 30,RET,0.9224517374872675
User 30,RET,0.9179170153418915
User 30,RET,0.934770437173063
User 30,RET,0.923770874833479
User 30,RET,0.9329895187353521
User 30,RET,0.927968196753155
User 30,RET,0.9257172744162143
User 30,RET,0.9285536824656019
User 30,RET,0.9229055501276302
User 30,RET,0.9217996589455694
User 30,RET,0.9272675708532672
User 30,RET,0.9223174729161342
User 30,RET,0.9282068407956062
User 30,RET,0.9346206137345737
User 30,RET,0.9252648295198134
User 30,RET,0.9235984336420331
User 30,RET,0.9219762880304778
User 30,RET,0.934394227832475
User 30,RET,0.925021924945225
User 30,RET,0.9208560810966104
User 30,RET,0.9243826991505046
User 30,RET,0.9179337384993159
User 30,RET,0.9255094574225974
User 30,RET,0.9239185080220894
User 30,RET,0.9201582640980656
User 30,RET,0.9266506319460026
User 30,RET,0.9321670942791866
User 30,RET,0.9326533355902413
User 30,RET,0.9206602124092368
User 30,RET,0.9279263847067516
User 30,RET,0.9247538747907482
User 30,RET,0.9267417856996502
User 30,RET,0.9260892874323128
User 30,RET,0.9233425964616553
User 30,RET,0.9208821265860647
User 30,RET,0.9137238093862717
User 30,RET,0.9143394222421964
User 30,RET,0.913621080247434
User 30,RET,0.9175906999729285
User 30,RET,0.9216555490477746
User 30,RET,0.9310252804529848
User 30,RET,0.9315565739332418
User 30,RET,0.9309139231304784
User 30,RET,0.9306000668007641
User 30,RET,0.9309756539037389
User 30,RET,0.9364718851623379
User 30,RET,0.93438667532376
User 30,RET,0.9285775125965798
User 30,RET,0.9203691042403163
User 30,RET,0.9225507548383035
User 30,RET,0.9330191646434413
User 31,SHT,0.9298941762744269
User 31,SHT,0.9327616042274172
User 31,SHT,0.9328407922007735
User 31,SHT,0.9474409140991776
User 31,SHT,0.9443709581289313
User 31,SHT,0.9434261794740032
User 31,SHT,0.938155054752461
User 31,SHT,0.9233710358586413
User 31,SHT,0.9330415658694162
User 31,SHT,0.9115448880035085
User 31,SHT,0.954534738559523
User 31,SHT,0.9368201137725272
User 31,SHT,0.9431985669383017
User 31,SHT,0.9371211120470927
User 31,SHT,0.9227915995699876
User 31,SHT,0.9434999783098432
User 31,SHT,0.9238144510520705
User 31,SHT,0.9187351264473911
User 31,SHT,0.9200909938903227
User 31,SHT,0.9294603587905882
User 31,SHT,0.930413610511323
User 31,SHT,0.9182778612512804
User 31,SHT,0.8983309029703248
User 31,SHT,0.9282784788919645
User 31,SHT,0.9620355128511688
User 31,SHT,0.941446970174287
User 31,SHT,0.9389815644842948
User 31,SHT,0.937907332707352
User 31,SHT,0.938117810169385
User 31,SHT,0.9333595941157958
User 31,SHT,0.9174163623731727
User 31,SHT,0.9176819861227957
User 31,SHT,0.935431259476967
User 31,SHT,0.9349740102909448
User 31,SHT,0.9442625699776912
User 31,SHT,0.9490190861917533
User 31,SHT,0.937924511731516
User 31,SHT,0.9419511789967224
User 31,SHT,0.9323282353049285
User 31,SHT,0.9316712015859618
User 31,SHT,0.9275531739682913
User 31,SHT,0.9349104305503156
User 31,SHT,0.9276274873075747
User 31,SHT,0.9380229865073266
User 31,SHT,0.9256378731482571
User 31,SHT,0.9249173375015343
User 31,SHT,0.9405433825433908
User 31,SHT,0.9317992808085253
User 31,SHT,0.9287139041384788
User 31,SHT,0.9347603328638744
User 31,SHT,0.9361653462040921
User 31,SHT,0.9363521552234663
User 31,SHT,0.9304538757124745
User 31,SHT,0.9347749669392503
User 31,SHT,0.9454043925216749
User 31,SHT,0.9398315272337702
User 31,SHT,0.9373843275378241
User 31,SHT,0.9411178104650103
User 31,SHT,0.9326206121345139
User 31,SHT,0.9359301939232213
User 31,SHT,0.9355368675578417
User 31,SHT,0.9342098082584017
User 31,SHT,0.9486776201639834
User 31,SHT,0.9336036204390706
User 31,SHT,0.9425717050542856
User 31,SHT,0.9481827054587294
User 31,SHT,0.9404514948995037
User 31,SHT,0.9387381904899497
User 31,SHT,0.9447639929720719
User 31,SHT,0.9433121468037522
User 31,SHT,0.9371518948758695
User 31,SHT,0.9239075828087225
User 31,SHT,0.9406868670767774
User 31,SHT,0.9455293488995938
User 31,SHT,0.9285550062111575
User 31,SHT,0.9271893485111246
User 31,SHT,0.9363416235973449
User 31,SHT,0.9294102998334383
User 31,SHT,0.9398780688606839
User 31,SHT,0.942838828950163
User 31,SHT,0.9298429398731908
User 31,SHT,0.9017546505921201
User 31,SHT,0.9414907405652422
User 31,SHT,0.9296773157645244
User 31,SHT,0.9263203254424508
User 31,SHT,0.9363868613016103
User 31,SHT,0.9394820116926288
User 32,SHT,0.9221332405612229
User 32,SHT,0.9204606003368602
User 32,SHT,0.9183603344907787
User 32,SHT,0.9218600278880388
User 32,SHT,0.9205657064098443
User 32,SHT,0.9276272366884052
User 32,SHT,0.9308516850854187
User 32,SHT,0.9143450201999075
User 32,SHT,0.9276016680897583
User 32,SHT,0.9177954174251454
User 32,SHT,0.9220755273944794
User 32,SHT,0.9258126301052217
User 32,SHT,0.924826195818021
User 32,SHT,0.9087515860716014
User 32,SHT,0.9239785016220369
User 32,SHT,0.925235492509353
User 32,SHT,0.9112386041688721
User 32,SHT,0.9125525819335767
User 32,SHT,0.908556751824326
User 32,SHT,0.9154085898676149
User 32,SHT,0.9149208279319314
User 32,SHT,0.9096253849972906
User 32,SHT,0.9118091183170972
User 32,SHT,0.91547835038284
User 32,SHT,0.9230479032260417
User 32,SHT,0.930230134278853
User 32,SHT,0.9233264841447667
User 32,SHT,0.924326885810219
User 32,SHT,0.9199706584705533
User 32,SHT,0.9208373485626866
User 32,SHT,0.9200364551962997
User 32,SHT,0.9248397632666439
User 33,RET,0.9342070452033425
User 33,RET,0.9466649555597377
User 33,RET,0.91740884336858
User 33,RET,0.9387765587793134
User 33,RET,0.92982562234775
User 33,RET,0.9219559423030125
User 33,RET,0.9358453824456379
User 33,RET,0.9228269128231252
User 33,RET,0.9246836976887779
User 33,RET,0.9495909957654576
User 33,RET,0.9320278619164504
User 33,RET,0.9478517883878564
User 33,RET,0.9249005508364122
User 33,RET,0.925898865562606
User 33,RET,0.9360384547877262
User 33,RET,0.9316213711903986
User 33,RET,0.9328390175679508
User 33,RET,0.9417278687148464
User 33,RET,0.931200181926243
User 33,RET,0.9220396568561473
User 33,RET,0.922908503607165
User 33,RET,0.9244328620396768
User 33,RET,0.9214534684043159
User 33,RET,0.9375365595059568
User 33,RET,0.9319391154440164
User 33,RET,0.9249668477812905
User 33,RET,0.9234518726453046
User 33,RET,0.9430032480181629
User 33,RET,0.9383286427985442
User 33,RET,0.9301633542073271
User 33,RET,0.9234035923914345
User 33,RET,0.9248371362821658
User 33,RET,0.9267291472423428
User 33,RET,0.9501563663693621
User 33,RET,0.9299263203544816
User 33,RET,0.9360223060585687
User 33,RET,0.9295424686903525
User 33,RET,0.9222832842393909
User 34,SHT,0.9346439648884821
User 34,SHT,0.9139205237815875
User 34,SHT,0.9224981876874341
User 34,SHT,0.9239249523833695
User 34,SHT,0.9253208779024154
User 34,SHT,0.9036379761622565
User 34,SHT,0.9111062958704744
User 34,SHT,0.9192060273135975
User 34,SHT,0.9115579178701798
User 34,SHT,0.9403753296138968
User 34,SHT,0.9164084271242829
User 34,SHT,0.9362376271300492
User 34,SHT,0.9159399181255232
User 34,SHT,0.9178392890584348
User 34,SHT,0.9287857860324208
User 34,SHT,0.916176002733754
User 34,SHT,0.9334017274935928
User 34,SHT,0.9152299930058782
User 34,SHT,0.9228884314740662
User 34,SHT,0.9153569750564124
User 34,SHT,0.937758763617759
User 34,SHT,0.9290827484921681
User 34,SHT,0.936893749564766
User 34,SHT,0.9347406264136104
User 34,SHT,0.9310570866883064
User 34,SHT,0.934271848203431
User 34,SHT,0.9331343343294696
User 34,SHT,0.9348459671958551
User 34,SHT,0.9237807120347539
User 34,SHT,0.9229594217269226
User 34,SHT,0.9231852689017694
User 34,SHT,0.9278735981077798
User 34,SHT,0.9344904155487411
User 34,SHT,0.9270236797065936
User 34,SHT,0.9296156462163577
User 34,SHT,0.9238091794591008
User 34,SHT,0.940412045724673
User 34,SHT,0.9439260736126318
User 34,SHT,0.9202100924167979
User 34,SHT,0.923589621648195
User 34,SHT,0.9206747169548377
User 34,SHT,0.9203438371242062
User 34,SHT,0.9253483915420296
User 34,SHT,0.9389971605938277
User 34,SHT,0.9227899966251467
User 34,SHT,0.9155397233895263
User 34,SHT,0.9301363565944917
User 34,SHT,0.9254581803522283
User 34,SHT,0.9284556015907398
User 34,SHT,0.9396454557431992
User 34,SHT,0.914654034309937
User 34,SHT,0.9116167635608149
User 35,SHT,0.9310228656052139
User 35,SHT,0.9253269467345794
User 35,SHT,0.9349304359668833
User 35,SHT,0.9332897073648998
User 35,SHT,0.944155383795699
User 35,SHT,0.925058641189355
User 35,SHT,0.9347351897139666
User 35,SHT,0.934074276199091
User 35,SHT,0.9416298141182752
User 35,SHT,0.9185035156513202
User 35,SHT,0.9380333003996204
User 35,SHT,0.9174644715281797
User 35,SHT,0.9471320081066027
User 35,SHT,0.9356295066264274
User 35,SHT,0.9293308124354354
User 35,SHT,0.9278260842648957
User 35,SHT,0.919602028241699
User 35,SHT,0.9296915754126606
User 35,SHT,0.9257801291869915
User 35,SHT,0.9602420413631907
User 35,SHT,0.9295682420273551
User 35,SHT,0.9415068977925304
User 35,SHT,0.925963304824203
User 35,SHT,0.9513482100703562
User 35,SHT,0.9247703030834314
User 35,SHT,0.9278978359671681
User 35,SHT,0.9297902775375633
User 35,SHT,0.9275717713440218
User 35,SHT,0.928287206102054
User 35,SHT,0.9339081658030391
User 35,SHT,0.938743929718425
User 35,SHT,0.9263064623390204
User 35,SHT,0.9282066228131071
User 35,SHT,0.9153888816758337
User 35,SHT,0.9106427755969106
User 35,SHT,0.906190390097771
User 35,SHT,0.9445304433726353
User 35,SHT,0.9408969145611207
User 35,SHT,0.9398174892753994
User 35,SHT,0.9499563599129522
User 35,SHT,0.9311120125935844
User 35,SHT,0.9320337576002956
User 35,SHT,0.9112864417961862
User 35,SHT,0.9217273160105238
User 35,SHT,0.9164604553877216
User 35,SHT,0.920811730779034
User 35,SHT,0.9207581605064726
User 35,SHT,0.920478492727031
User 35,SHT,0.9379859124212064
User 35,SHT,0.9297562538878961
User 35,SHT,0.923979146297431
User 35,SHT,0.9116003384543722
User 35,SHT,0.9322489978484252
User 35,SHT,0.9267961624518982
User 35,SHT,0.9286319118497496
User 35,SHT,0.9133708975174519
User 36,RET,0.9301082873735823
User 36,RET,0.921326797828671
User 36,RET,0.9258622117350982
User 36,RET,0.9248952192953835
User 36,RET,0.9383767275393651
User 36,RET,0.9207962415330694
User 36,RET,0.9431882419014262
User 36,RET,0.9440058252958516
User 36,RET,0.9395595659628591
User 36,RET,0.9448787237650952
User 36,RET,0.9415374878760676
User 36,RET,0.9442845601645449
User 36,RET,0.9400764303040918
User 36,RET,0.9388463279677316
User 36,RET,0.8997733059235957
User 36,RET,0.9454234628858773
User 36,RET,0.9276577647840583
User 36,RET,0.9279322683027132
User 36,RET,0.9362367852508476
User 36,RET,0.942411612708219
User 36,RET,0.9409737808520887
User 36,RET,0.9344652249848958
User 36,RET,0.941329947654396
User 36,RET,0.9388422541196733
User 36,RET,0.9355131602764208
User 37,RET,0.9070341154483788
User 37,RET,0.9157836725698247
User 37,RET,0.9177572588587075
User 37,RET,0.9216454635686251
User 37,RET,0.9161037648702142
User 37,RET,0.9339227509342778
User 37,RET,0.9023971735803312
User 37,RET,0.8956603562908421
User 37,RET,0.9081408354689127
User 37,RET,0.9213389877914948
User 37,RET,0.9168706832292597
User 37,RET,0.9103674782431065
User 37,RET,0.9261166757807996
User 37,RET,0.9158298177073115
User 37,RET,0.9531453639769003
User 37,RET,0.9391354654886044
User 37,RET,0.947299280411194
User 37,RET,0.9309232684574343
User 37,RET,0.93314639296214
User 37,RET,0.9384456557209633
User 37,RET,0.9448692133858778
User 37,RET,0.9077391093520202
User 37,RET,0.9169301387644011
User 37,RET,0.908547836004766
User 37,RET,0.9105997511656745
User 37,RET,0.9371470252750027
User 37,RET,0.9008801916492815
User 37,RET,0.9105049088855446
User 37,RET,0.9111563476234246
User 37,RET,0.9185182630995523
User 37,RET,0.8905452440005089
User 37,RET,0.8976847014045354
User 37,RET,0.9181685330241715
User 37,RET,0.9371115147533821
User 37,RET,0.9391547374962923
User 37,RET,0.9303652338819226
User 37,RET,0.9356689081550708
User 37,RET,0.9325803152574264
User 37,RET,0.9292135835857166
User 37,RET,0.9431679071090399
User 37,RET,0.9527951487888662
User 37,RET,0.9321772619364227
User 37,RET,0.9371124072232765
User 37,RET,0.913020983630614
User 37,RET,0.9359363271834344
User 37,RET,0.9370970640105128
User 37,RET,0.9291659964868204
User 37,RET,0.9228859219824995
User 37,RET,0.9471064547348971
User 37,RET,0.9230198776309038
User 37,RET,0.9073065914942335
User 37,RET,0.9430026523684923
User 37,RET,0.9275709763332232
User 37,RET,0.9429401214509453
User 37,RET,0.9272247859636731
User 37,RET,0.9276192086753675
User 37,RET,0.9407164153555874
User 37,RET,0.9288017399263461
User 37,RET,0.9319015592339214
User 37,RET,0.9408760798098972
User 37,RET,0.9105568131763653
User 37,RET,0.9456040718021137
User 37,RET,0.9220483013099946
User 37,RET,0.9180005940849887
User 37,RET,0.9297895795116163
User 37,RET,0.9250209747907114
User 37,RET,0.9414655264713521
User 37,RET,0.9347502692500609
User 37,RET,0.9175651916441162
User 37,RET,0.9196184500596307
User 37,RET,0.9181301613140891
User 37,RET,0.9070895802388185
User 37,RET,0.9186768783294144
User 37,RET,0.9206288412836986
User 37,RET,0.9376880654239514
User 38,SHT,0.937518947758762
User 38,SHT,0.9396094947527137
User 38,SHT,0.9422958685534927
User 38,SHT,0.9336888017083872
User 38,SHT,0.950594611416888
User 38,SHT,0.9381322969081387
User 38,SHT,0.9602469282770584
User 38,SHT,0.9426645595592191
User 38,SHT,0.9400882500344175
User 38,SHT,0.9424691685275288
User 38,SHT,0.9458628072366013
User 38,SHT,0.9423802498468756
User 38,SHT,0.9475603000720261
User 38,SHT,0.9323580099138775
User 38,SHT,0.9404106080960152
User 38,SHT,0.931716606555901
User 38,SHT,0.9373980615269065
User 38,SHT,0.9462737949915427
User 38,SHT,0.9389509794006762
User 38,SHT,0.9415264989691736
User 38,SHT,0.9505270537563526
User 38,SHT,0.9595055560605277
User 38,SHT,0.9443946374492775
User 38,SHT,0.9555207499382243
User 38,SHT,0.9543172262661913
User 38,SHT,0.9541530410793374
User 38,SHT,0.9377463378581483
User 38,SHT,0.9412461408934267
User 38,SHT,0.948517919302263
User 38,SHT,0.936130276842941
User 38,SHT,0.9355051807617923
User 38,SHT,0.9384019938302588
User 38,SHT,0.9492187810711634
User 38,SHT,0.9174829105889053
User 38,SHT,0.9253464154328819
User 38,SHT,0.9283898017569304
User 38,SHT,0.9203847306089172
User 38,SHT,0.929739730752888
User 38,SHT,0.9279663591333746
User 38,SHT,0.9489089131716838
User 4,RET,0.9257593658981754
User 4,RET,0.920955405950965
User 4,RET,0.9229921940625019
User 4,RET,0.9115153411878956
User 4,RET,0.9280229625598084
User 4,RET,0.9197001441177377
User 4,RET,0.915596621765363
User 4,RET,0.9213417616423788
User 4,RET,0.9134723319014886
User 4,RET,0.9292690101684754
User 4,RET,0.911703091672139
User 4,RET,0.9178792792637621
User 4,RET,0.9065479351828312
User 4,RET,0.9200753237778261
User 4,RET,0.9161873004429332
User 4,RET,0.9148932556516911
User 4,RET,0.9091880255118912
User 4,RET,0.9028219859756572
User 4,RET,0.9256842037733393
User 4,RET,0.934224029098896
User 4,RET,0.9193237669581762
User 4,RET,0.9260480750284065
User 4,RET,0.9082578642458565
User 4,RET,0.9182135714252114
User 4,RET,0.9080321692788331
User 4,RET,0.9141526696575765
User 4,RET,0.9051990542357956
User 4,RET,0.9229604031821055
User 4,RET,0.9105511125142234
User 4,RET,0.9212893162874864
User 4,RET,0.9133783549986116
User 4,RET,0.9104322972239681
User 4,RET,0.9079616564140804
User 4,RET,0.9088818741478156
User 4,RET,0.9174183761210243
User 4,RET,0.9154655655800692
User 4,RET,0.923939398632865
User 4,RET,0.9073172796819876
User 4,RET,0.9339090768192201
User 4,RET,0.915092678073954
User 4,RET,0.9082227807114475
User 4,RET,0.9151351522390833
User 4,RET,0.9157738937191379
User 4,RET,0.9208011810944252
User 4,RET,0.91496219196703
User 4,RET,0.9239669682611068
User 4,RET,0.9079125290735531
User 4,RET,0.9185031879509855
User 4,RET,0.9238780492127032
User 4,RET,0.919829165155256
User 4,RET,0.9333965213954474
User 4,RET,0.9090245121951219
User 4,RET,0.9156677600067696
User 40,SHT,0.9363292517866394
User 40,SHT,0.9435402823458229
User 40,SHT,0.9429917950834428
User 40,SHT,0.9317814893230715
User 40,SHT,0.955409825349313
User 40,SHT,0.9374517080812151
User 40,SHT,0.9382373709325558
User 40,SHT,0.926905586715301
User 40,SHT,0.9417133063360021
User 40,SHT,0.9321183043723175
User 40,SHT,0.9492609357669083
User 40,SHT,0.929193617588946
User 40,SHT,0.9329178342771205
User 40,SHT,0.9367605712227802
User 40,SHT,0.9433686246038016
User 40,SHT,0.9352108773106741
User 40,SHT,0.9337807787662776
User 40,SHT,0.9443956417797257
User 40,SHT,0.9511866750312136
User 40,SHT,0.9489756407257728
User 40,SHT,0.9421291327927463
User 40,SHT,0.9579076743676774
User 40,SHT,0.9511966614067007
User 40,SHT,0.9392020363975325
User 40,SHT,0.9218679832135712
User 40,SHT,0.9463024280221589
User 40,SHT,0.9482143705191015
User 40,SHT,0.9497931102491163
User 40,SHT,0.9465744221860003
User 40,SHT,0.9491862198041866
User 40,SHT,0.9421101251123691
User 40,SHT,0.9420946762799084
User 40,SHT,0.9393810604937598
User 40,SHT,0.9515617066397788
User 40,SHT,0.9443597802042549
User 40,SHT,0.9413706426894899
User 40,SHT,0.9475182335878362
User 40,SHT,0.9481874680036115
User 41,SHT,0.9196656974161482
User 41,SHT,0.946017770168583
User 41,SHT,0.9463348981960594
User 41,SHT,0.9114231564695264
User 41,SHT,0.9180759509674449
User 41,SHT,0.9314928284955827
User 41,SHT,0.9304892133058277
User 41,SHT,0.9445337425480973
User 41,SHT,0.9115110514638667
User 41,SHT,0.9408462940550095
User 41,SHT,0.9409404640807142
User 41,SHT,0.9398691757861769
User 41,SHT,0.9457347233138699
User 41,SHT,0.9448840940245246
User 41,SHT,0.9327109167365658
User 41,SHT,0.9386241351817534
User 41,SHT,0.9497495291576984
User 41,SHT,0.9363023091393015
User 41,SHT,0.9360490218629935
User 41,SHT,0.900991708251921
User 41,SHT,0.9380249087233457
User 41,SHT,0.9292657718104367
User 41,SHT,0.9156183579540567
User 41,SHT,0.9247155299012925
User 41,SHT,0.905544302097215
User 41,SHT,0.9272352339420927
User 41,SHT,0.9212119242501541
User 41,SHT,0.8993278561708193
User 41,SHT,0.9379417467907105
User 41,SHT,0.9021351275879114
User 41,SHT,0.9164758880831643
User 41,SHT,0.9396628178783881
User 41,SHT,0.9542916377927642
User 41,SHT,0.9532182145882717
User 41,SHT,0.9389228261508312
User 41,SHT,0.9469245629804258
User 41,SHT,0.9327472199844684
User 41,SHT,0.945670766832135
User 41,SHT,0.9555070154849221
User 42,RET,0.926984729077703
User 42,RET,0.9370584700336191
User 42,RET,0.9457433532238948
User 42,RET,0.9260287331478375
User 42,RET,0.9417575059215295
User 42,RET,0.9121268812956923
User 42,RET,0.9364631943164258
User 43,SHT,0.9187995019059859
User 43,SHT,0.9344729525744968
User 43,SHT,0.929701458386899
User 43,SHT,0.913580718336216
User 43,SHT,0.8990585156068848
User 43,SHT,0.9507735163351109
User 43,SHT,0.9536665794873962
User 43,SHT,0.9517994193884195
User 43,SHT,0.9401320301363574
User 43,SHT,0.9372960685696633
User 43,SHT,0.9212057413825969
User 43,SHT,0.9482314282794978
User 43,SHT,0.9079650712083895
User 43,SHT,0.9409856457461888
User 43,SHT,0.9392679679020186
User 43,SHT,0.9198948275153134
User 43,SHT,0.9266802322481278
User 43,SHT,0.9528006157158905
User 43,SHT,0.9577683981673901
User 43,SHT,0.9067787138901952
User 43,SHT,0.8895628477288801
User 43,SHT,0.9162599721332758
User 43,SHT,0.9229599198112136
User 43,SHT,0.9136093694170571
User 43,SHT,0.9035437074606668
User 43,SHT,0.9436516775383886
User 43,SHT,0.9206360223503856
User 43,SHT,0.9184241212180035
User 43,SHT,0.9316444031227106
User 43,SHT,0.9412017055048418
User 43,SHT,0.9273649103882377
User 43,SHT,0.9369901677375724
User 43,SHT,0.9388519318948223
User 43,SHT,0.951631640022001
User 43,SHT,0.9118319084176498
User 43,SHT,0.9419739624637394
User 43,SHT,0.9536483150608797
User 43,SHT,0.9568263370033541
User 43,SHT,0.9313253909012335
User 43,SHT,0.9287168671178821
User 43,SHT,0.9154598875181023
User 43,SHT,0.9271767685815097
User 44,RET,0.9392986280806978
User 44,RET,0.9344025128104007
User 44,RET,0.9321341126386781
User 44,RET,0.9341317062262902
User 44,RET,0.9531487892565216
User 44,RET,0.9362032121389077
User 46,SHT,0.9449446074308564
User 46,SHT,0.9584408221637721
User 46,SHT,0.9438897653450001
User 46,SHT,0.9465740892052165
User 46,SHT,0.9358088680529404
User 46,SHT,0.9499800021896072
User 46,SHT,0.9474470598356758
User 46,SHT,0.9486190768240902
User 46,SHT,0.9456740151385404
User 46,SHT,0.9460504519345458
User 46,SHT,0.9415317833985426
User 46,SHT,0.949427275547846
User 46,SHT,0.9510356143856452
User 46,SHT,0.9438588451331863
User 46,SHT,0.9518310079606168
User 46,SHT,0.9487886655562384
User 46,SHT,0.9348483036197809
User 46,SHT,0.9457711176403275
User 46,SHT,0.9012605165501552
User 46,SHT,0.9377814611000205
User 46,SHT,0.9429677487333729
User 46,SHT,0.9394434088094448
User 46,SHT,0.9423721219316663
User 46,SHT,0.9476123063657328
User 46,SHT,0.951692853363601
User 46,SHT,0.9510981110375685
User 46,SHT,0.9434110020967849
User 46,SHT,0.9490512639289237
User 46,SHT,0.9411577072620916
User 46,SHT,0.9486212681146149
User 46,SHT,0.9529196394400257
User 46,SHT,0.9554512032094246
User 46,SHT,0.9497304224907294
User 46,SHT,0.9485498399437633
User 46,SHT,0.9420760788336737
User 46,SHT,0.9408437808194476
User 46,SHT,0.9424889632861504
User 46,SHT,0.9491612256499354
User 46,SHT,0.9417353718699368
User 46,SHT,0.9325373442799958
User 46,SHT,0.942631067980563
User 46,SHT,0.9355154633030488
User 46,SHT,0.9352810991213029
User 46,SHT,0.936804515208279
User 46,SHT,0.9470797037933989
User 46,SHT,0.9385177295535256
User 46,SHT,0.9466241523253555
User 46,SHT,0.9453270420108334
User 46,SHT,0.921138217182875
User 46,SHT,0.919734409251832
User 46,SHT,0.9365848004320909
User 46,SHT,0.9416496108989365
User 46,SHT,0.9423373809641916
User 46,SHT,0.9468572122843241
User 46,SHT,0.9336995096205037
User 46,SHT,0.9318921117380291
User 46,SHT,0.945695509946897
User 46,SHT,0.9405392689494433
User 46,SHT,0.9397207696319272
User 46,SHT,0.9453596365558283
User 46,SHT,0.9427715814779305
User 47,SHT,0.9007887206541557
User 47,SHT,0.9212122207825895
User 47,SHT,0.8928376398025043
User 47,SHT,0.931617981202557
User 47,SHT,0.9247037332346152
User 47,SHT,0.9188707167784743
User 47,SHT,0.8951667705607002
User 47,SHT,0.8926471463769836
User 47,SHT,0.9390085176586942
User 47,SHT,0.9486748492055066
User 47,SHT,0.9311017011974164
User 47,SHT,0.9334748084378665
User 47,SHT,0.9157678090355766
User 47,SHT,0.9097377406245252
User 47,SHT,0.9415909393689297
User 47,SHT,0.9386162172467782
User 47,SHT,0.9392317589686962
User 47,SHT,0.9522863241468148
User 47,SHT,0.9288193113642881
User 47,SHT,0.9547644821068737
User 47,SHT,0.9328272625636073
User 47,SHT,0.9148455060573145
User 47,SHT,0.9346359028937956
User 5,RET,0.9195864673725618
User 5,RET,0.9218025325537184
User 5,RET,0.9385567491020421
User 5,RET,0.918525037635478
User 5,RET,0.9199925447939657
User 5,RET,0.9288954910501653
User 5,RET,0.9265061603824741
User 5,RET,0.9299133109896396
User 5,RET,0.9221337787725816
User 5,RET,0.9137037362007487
User 5,RET,0.9245528069515141
User 5,RET,0.9164803034892437
User 5,RET,0.90407393443006
User 5,RET,0.9111163390959675
User 5,RET,0.9062565767035247
User 5,RET,0.9071773741483569
User 5,RET,0.9078929213189084
User 5,RET,0.9055376930344341
User 5,RET,0.9047344609661552
User 5,RET,0.9083874729967513
User 5,RET,0.9100477370199078
User 5,RET,0.9327982732081671
User 5,RET,0.9057518114674289
User 5,RET,0.910897376216445
User 5,RET,0.9235781112027697
User 5,RET,0.9062936552886638
User 5,RET,0.9360539159851536
User 5,RET,0.9130229243192892
User 5,RET,0.9102865971008149
User 5,RET,0.9091595930339134
User 5,RET,0.9247534830173424
User 5,RET,0.9302531295335045
User 5,RET,0.907174822823696
User 5,RET,0.8957248052223823
User 5,RET,0.8975351424494149
User 5,RET,0.9017561490513913
User 5,RET,0.908956595748466
User 5,RET,0.9067878715719518
User 5,RET,0.904925502779289
User 5,RET,0.9123170968690595
User 5,RET,0.9312904947328293
User 5,RET,0.9298611299226425
User 5,RET,0.909360165155953
User 5,RET,0.9100928558989531
User 5,RET,0.9022988633759793
User 5,RET,0.9045828940258585
User 5,RET,0.9174792045523297
User 5,RET,0.9092327580402819
User 5,RET,0.9048504090016545
User 5,RET,0.9080975081147853
User 5,RET,0.9302467208711568
User 5,RET,0.9184149017376366
User 5,RET,0.927014427969346
User 5,RET,0.918909713932277
User 5,RET,0.9278732408701786
User 5,RET,0.9374650399313512
User 5,RET,0.9165548039195642
User 50,SHT,0.9174243355988718
User 50,SHT,0.9264437860135883
User 50,SHT,0.8968894200473191
User 50,SHT,0.9087461678600159
User 50,SHT,0.9005402519452321
User 50,SHT,0.9124564000037969
User 50,SHT,0.9093408737147664
User 51,RET,0.9217154731054271
User 51,RET,0.9358817362410515
User 51,RET,0.9371585342165513
User 51,RET,0.9325717547511714
User 51,RET,0.9270623092019277
User 51,RET,0.9417546349191733
User 51,RET,0.9222645190158238
User 51,RET,0.9030822915738538
User 51,RET,0.899799534274056
User 51,RET,0.917864821754581
User 51,RET,0.9320892606490293
User 51,RET,0.9277814924819124
User 51,RET,0.9404755367481592
User 51,RET,0.9352872479164166
User 51,RET,0.9356760938100239
User 51,RET,0.9226836252382786
User 51,RET,0.9225126070499351
User 51,RET,0.9264048392423977
User 51,RET,0.9559382275800944
User 51,RET,0.9508601927280779
User 51,RET,0.9342087633725725
User 51,RET,0.924432374388061
User 51,RET,0.936970058444746
User 51,RET,0.9453283705868213
User 51,RET,0.933329052187254
User 51,RET,0.9190281171635553
User 51,RET,0.9162075630035967
User 51,RET,0.9122137983591029
User 51,RET,0.9070801050382438
User 51,RET,0.9373352501145354
User 51,RET,0.9352530199370331
User 51,RET,0.945484506654464
User 51,RET,0.9299118204432403
User 51,RET,0.9309156758698809
User 51,RET,0.9170837934093989
User 51,RET,0.9477303824934418
User 51,RET,0.9409367011022618
User 51,RET,0.9409778403914463
User 51,RET,0.9268855634857683
User 51,RET,0.9382873870665477
User 51,RET,0.9218785945287522
User 51,RET,0.9280760928986976
User 51,RET,0.929563582174368
User 51,RET,0.9316957680947615
User 51,RET,0.929377937021697
User 51,RET,0.9401350245460447
User 51,RET,0.9181652165155586
User 51,RET,0.9346701999952898
User 51,RET,0.9322854513999468
User 51,RET,0.9297320702424817
User 51,RET,0.926676139644075
User 51,RET,0.9356309162734597
User 51,RET,0.9190879842641544
User 51,RET,0.9295516519683272
User 51,RET,0.9280715576546591
User 51,RET,0.9153262544012879
User 52,RET,0.94070122646911
User 52,RET,0.9475515978445248
User 52,RET,0.944943136579632
User 52,RET,0.9447880957415663
User 52,RET,0.9561648973721966
User 52,RET,0.9295475735600129
User 52,RET,0.9367738064641362
User 52,RET,0.9428450558878118
User 52,RET,0.9428526199699143
User 52,RET,0.9439635391581107
User 52,RET,0.9495669586912355
User 52,RET,0.938217899548156
User 52,RET,0.9496102062622535
User 52,RET,0.9384950356286835
User 52,RET,0.9467471915725865
User 52,RET,0.9276791384925568
User 52,RET,0.9632350074959829
User 52,RET,0.9389458815066458
User 52,RET,0.9377708781505325
User 52,RET,0.9416602251034725
User 52,RET,0.9418515621339557
User 52,RET,0.9444578907155035
User 52,RET,0.9395725586785625
User 52,RET,0.9461566606298825
User 52,RET,0.936872487312601
User 52,RET,0.9429183356278351
User 52,RET,0.9416921174635771
User 52,RET,0.9326609239314896
User 52,RET,0.9483527359996102
User 52,RET,0.9425898026098876
User 52,RET,0.9359398757806604
User 52,RET,0.9380947096918648
User 52,RET,0.9500027771125242
User 52,RET,0.9409332002132333
User 52,RET,0.9358039363315356
User 52,RET,0.9273021198953638
User 52,RET,0.9418784235980335
User 52,RET,0.9459593622065696
User 52,RET,0.9348857625644217
User 52,RET,0.9351365990031443
User 52,RET,0.9285580962398771
User 52,RET,0.9307647987560111
User 52,RET,0.9343425267234512
User 52,RET,0.9434145729369029
User 52,RET,0.9310810820648456
User 52,RET,0.9224700599986373
User 52,RET,0.9357107400468575
User 52,RET,0.9224173144331022
User 52,RET,0.9284465067029519
User 52,RET,0.9426974367676704
User 52,RET,0.9392722131406367
User 54,RET,0.9323152328874554
User 54,RET,0.9043464954549767
User 54,RET,0.9031555403511312
User 54,RET,0.9241083189186242
User 54,RET,0.9139168965492861
User 54,RET,0.9384607224810874
User 54,RET,0.9172802498090662
User 54,RET,0.9237099466509632
User 54,RET,0.9126590739104524
User 54,RET,0.9377841747142547
User 54,RET,0.922677987413699
User 54,RET,0.9321877152036407
User 54,RET,0.936761430332082
User 54,RET,0.931334793476482
User 54,RET,0.9278755817043888
User 54,RET,0.9496750479903926
User 54,RET,0.9562790453620847
User 54,RET,0.8989122259157618
User 54,RET,0.9116373200789167
User 54,RET,0.9153405986998194
User 54,RET,0.9421841402087177
User 54,RET,0.9156650460800855
User 54,RET,0.925984943724238
User 54,RET,0.9628482293118716
User 54,RET,0.917562474557338
User 54,RET,0.9221088030327552
User 54,RET,0.9302030355370874
User 54,RET,0.9236214200830944
User 54,RET,0.9161061922801094
User 54,RET,0.9165082769248682
User 54,RET,0.9667847521221661
User 54,RET,0.9041817536172198
User 54,RET,0.9107612021587839
User 54,RET,0.9281007822915435
User 54,RET,0.9158202755123005
User 54,RET,0.9314346138385091
User 54,RET,0.9162383865195305
User 54,RET,0.9554078817330688
User 54,RET,0.9289185666754782
User 54,RET,0.9166910870928587
User 54,RET,0.9313711312830288
User 54,RET,0.9510950620310231
User 54,RET,0.9403139561011894
User 54,RET,0.9333790320498332
User 54,RET,0.9160235586615123
User 54,RET,0.9238041562728533
User 54,RET,0.9140059335087579
User 54,RET,0.9420189056497716
User 54,RET,0.9578897925152373
User 54,RET,0.9414914937773744
User 54,RET,0.9402054131260682
User 54,RET,0.9445528237205464
User 54,RET,0.9343802193883469
User 54,RET,0.925034193184998
User 54,RET,0.9381916824484333
User 54,RET,0.9191400776923382
User 54,RET,0.9261655026674814
User 54,RET,0.9217039547849809
User 54,RET,0.9433762829264227
User 54,RET,0.9519658182496845
User 54,RET,0.9149250380483989
User 54,RET,0.915302509741024
User 54,RET,0.9586159516355547
User 54,RET,0.9137811645873204
User 54,RET,0.9203412814027887
User 55,SHT,0.940889090779175
User 55,SHT,0.9230871069254662
User 55,SHT,0.9264113422962675
User 55,SHT,0.9043416477779624
User 55,SHT,0.9388708716370784
User 55,SHT,0.9155034268305675
User 55,SHT,0.9249466926509162
User 55,SHT,0.9308912353396831
User 55,SHT,0.9337124413239543
User 55,SHT,0.9465491298764376
User 55,SHT,0.921119511175538
User 55,SHT,0.9267693358641037
User 55,SHT,0.9280255862517496
User 55,SHT,0.9417842783560313
User 55,SHT,0.9076574746932417
User 55,SHT,0.9442477494352424
User 55,SHT,0.9479969593022778
User 55,SHT,0.900816571195818
User 55,SHT,0.9255707673324804
User 55,SHT,0.9081861315972137
User 55,SHT,0.9311265929607023
User 55,SHT,0.9279240481700496
User 55,SHT,0.9229378524256275
User 55,SHT,0.9114525065417641
User 55,SHT,0.9419053991718692
User 55,SHT,0.9465817082581456
User 55,SHT,0.9433211333653572
User 55,SHT,0.945755940404115
User 55,SHT,0.9327392646332993
User 55,SHT,0.9316860736651483
User 55,SHT,0.9425429238018954
User 55,SHT,0.9421848188469879
User 55,SHT,0.939627809963541
User 55,SHT,0.9498884279201734
User 55,SHT,0.955947228423963
User 55,SHT,0.9512268850560643
User 55,SHT,0.9513906367236312
User 55,SHT,0.9505997635937897
User 55,SHT,0.9519142541929225
User 55,SHT,0.9449375745412968
User 55,SHT,0.952015095025872
User 55,SHT,0.9587448842358888
User 55,SHT,0.9328323090535493
User 55,SHT,0.9435982927896598
User 55,SHT,0.948846696681885
User 55,SHT,0.9007062899252877
User 55,SHT,0.9231070475501079
User 55,SHT,0.921477208970412
User 55,SHT,0.9123713402309098
User 55,SHT,0.9368540593838268
User 56,RET,0.9443529228646553
User 56,RET,0.910663637484364
User 56,RET,0.9172146117794708
User 56,RET,0.92984278797548
User 56,RET,0.9107281059004648
User 56,RET,0.9055536140111764
User 56,RET,0.9230913458576281
User 56,RET,0.9405792661642548
User 56,RET,0.9005984913318996
User 56,RET,0.9216755258562037
User 56,RET,0.9051887563836389
User 56,RET,0.9161413492492776
User 56,RET,0.9027564510209647
User 56,RET,0.9445784538016078
User 56,RET,0.9273203094382296
User 56,RET,0.9259571309928114
User 56,RET,0.9351613908748885
User 56,RET,0.937125706346362
User 56,RET,0.9136435733329357
User 56,RET,0.9163105005037729
User 56,RET,0.9451716975024852
User 56,RET,0.94202434901101
User 56,RET,0.9348715561341595
User 56,RET,0.9238029700067474
User 56,RET,0.9239850477801653
User 56,RET,0.9071323755065274
User 56,RET,0.9121925443838477
User 56,RET,0.9190139926393794
User 56,RET,0.9573212790342078
User 56,RET,0.9174953243890949
User 56,RET,0.9096549182247434
User 56,RET,0.9236092614145893
User 56,RET,0.9272895694074292
User 56,RET,0.9530012190131731
User 56,RET,0.9129535732401135
User 56,RET,0.9462910246480176
User 56,RET,0.9138860406772309
User 56,RET,0.9116606659552917
User 56,RET,0.9239130316170489
User 56,RET,0.9191017350520028
User 56,RET,0.9532421617447902
User 56,RET,0.8994829186637212
User 56,RET,0.9213667255284462
User 56,RET,0.9138504136134682
User 56,RET,0.9531620681137521
User 56,RET,0.9364212927818031
User 56,RET,0.9579348652092593
User 56,RET,0.9330231481793969
User 56,RET,0.9125842787594912
User 56,RET,0.9220755854827182
User 56,RET,0.9044230249049079
User 56,RET,0.9255408783678969
User 56,RET,0.914558484516143
User 56,RET,0.920078241647095
User 56,RET,0.9138189925184057
User 56,RET,0.9139012101186712
User 56,RET,0.9376223140930706
User 56,RET,0.9119552692592253
User 56,RET,0.9067757007304175
User 56,RET,0.9108210670856443
User 56,RET,0.9244393345062301
User 56,RET,0.9175603039791225
User 56,RET,0.9063619280538866
User 56,RET,0.9176066198249461
User 56,RET,0.9102052580500959
User 58,SHT,0.9008540629958209
User 58,SHT,0.927937582844556
User 58,SHT,0.9158927367356471
User 58,SHT,0.9208248837112427
User 58,SHT,0.9226945483873586
User 58,SHT,0.9254382673380271
User 58,SHT,0.9338656012713336
User 58,SHT,0.9261109406773134
User 58,SHT,0.9170394424933457
User 58,SHT,0.9157255406270305
User 58,SHT,0.9192301479898555
User 58,SHT,0.9288558826503491
User 58,SHT,0.9293189876640042
User 58,SHT,0.9519362922918004
User 58,SHT,0.9068239641508313
User 58,SHT,0.910634916419882
User 58,SHT,0.9192330762977513
User 58,SHT,0.9177950054176974
User 58,SHT,0.9197378027754665
User 58,SHT,0.9102937961991711
User 58,SHT,0.9196001349317373
User 58,SHT,0.9393934611512589
User 58,SHT,0.9038985392526558
User 58,SHT,0.9156885391868375
User 58,SHT,0.9445244415575837
User 58,SHT,0.9306988990785814
User 58,SHT,0.9138984322143838
User 58,SHT,0.9111490662139697
User 58,SHT,0.9135139669682468
User 58,SHT,0.937367251105657
User 58,SHT,0.9275575995266235
User 58,SHT,0.9455651417319786
User 58,SHT,0.9371508197519215
User 58,SHT,0.9508111289024979
User 58,SHT,0.9078342959885876
User 58,SHT,0.9273411857792079
User 58,SHT,0.9245401623653424
User 58,SHT,0.9375196848181985
User 58,SHT,0.9316520217138767
User 58,SHT,0.9398169472238361
User 58,SHT,0.9257892345049124
User 58,SHT,0.9314645979607777
User 58,SHT,0.93476912092239
User 58,SHT,0.9310868863118067
User 58,SHT,0.942394347402137
User 58,SHT,0.9342365498793808
User 58,SHT,0.9371090045350887
User 58,SHT,0.928773733817258
User 58,SHT,0.9350125208633361
User 58,SHT,0.9519483410438443
User 58,SHT,0.9239325080497353
User 58,SHT,0.8904531087517104
User 58,SHT,0.9292599607977885
User 58,SHT,0.9447035347157404
User 58,SHT,0.937698027180932
User 58,SHT,0.9436021154532517
User 58,SHT,0.9213458940337866
User 58,SHT,0.9329164026366877
User 58,SHT,0.929604368562313
User 58,SHT,0.922403093394639
User 58,SHT,0.9420041583114883
User 58,SHT,0.9346269387674332
User 58,SHT,0.9321646056366011
User 58,SHT,0.9377045064885466
User 59,RET,0.9407231213458801
User 59,RET,0.9211807178057374
User 59,RET,0.9415534609964409
User 59,RET,0.9344450920408075
User 59,RET,0.9316465507455689
User 59,RET,0.9454845076528882
User 59,RET,0.9329533275840773
User 59,RET,0.9144094105572227
User 59,RET,0.9213536788231536
User 59,RET,0.9384586664350867
User 59,RET,0.9192783374573005
User 59,RET,0.921549924082815
User 59,RET,0.9185103146894008
User 59,RET,0.9229738278043356
User 59,RET,0.9368636329269941
User 59,RET,0.9272295748478758
User 59,RET,0.9107728997029935
User 59,RET,0.9241547610462781
User 59,RET,0.9322293530969838
User 59,RET,0.9383266011216671
User 59,RET,0.9356172871843111
User 59,RET,0.9301636712816799
User 59,RET,0.924547010133563
User 59,RET,0.9285072405888716
User 59,RET,0.9254651204997706
User 59,RET,0.92109235054312
User 59,RET,0.9194017407184837
User 59,RET,0.9318460954009422
User 59,RET,0.9284815621836786
User 59,RET,0.9322345713062233
User 59,RET,0.9205760197798186
User 59,RET,0.9274250391966048
User 59,RET,0.9197313249034316
User 59,RET,0.9316393964233023
User 59,RET,0.9265071027042245
User 59,RET,0.9283790643548093
User 59,RET,0.9232894593515255
User 59,RET,0.9271351688235808
User 59,RET,0.9332284058826097
User 59,RET,0.9527675642606873
User 59,RET,0.9327187822737553
User 59,RET,0.9355262443556293
User 59,RET,0.9247381179396446
User 59,RET,0.918194177467358
User 59,RET,0.9276360656477952
User 59,RET,0.92307935409599
User 59,RET,0.9315633887147637
User 59,RET,0.9330217213490446
User 59,RET,0.9348602327499299
User 59,RET,0.9406949240125148
User 59,RET,0.921649758430477
User 59,RET,0.9171694263648182
User 59,RET,0.9180471601310379
User 59,RET,0.9249801300944347
User 59,RET,0.9225978117742939
User 59,RET,0.9217256047643639
User 59,RET,0.9308354680608425
User 59,RET,0.9373009817999564
User 59,RET,0.9342709233335765
User 59,RET,0.9297624975941315
User 59,RET,0.9349227177239435
User 59,RET,0.9245094049988439
User 59,RET,0.9271772759162066
User 59,RET,0.9309243611919128
User 59,RET,0.9167452677214839
User 6,SHT,0.92928372332476
User 6,SHT,0.9471591853719793
User 6,SHT,0.9337286363495638
User 6,SHT,0.9396947058242235
User 6,SHT,0.9358095015679887
User 6,SHT,0.9558106114979906
User 6,SHT,0.9434960629726318
User 6,SHT,0.9408592632744108
User 6,SHT,0.9359157111795093
User 6,SHT,0.9513505435054178
User 6,SHT,0.9348803693418798
User 6,SHT,0.9480747760654328
User 6,SHT,0.9374714835730625
User 6,SHT,0.9355643089992088
User 6,SHT,0.9344774380223618
User 6,SHT,0.948656107477926
User 6,SHT,0.9424288298881376
User 6,SHT,0.941917532030606
User 6,SHT,0.9417046439971668
User 6,SHT,0.9587854523705195
User 6,SHT,0.9338068300581454
User 6,SHT,0.9357723564682104
User 6,SHT,0.9452889042514343
User 6,SHT,0.9370130243340081
User 6,SHT,0.945052217443659
User 6,SHT,0.9299058642608075
User 6,SHT,0.9469319740080242
User 6,SHT,0.9306656957145331
User 6,SHT,0.9409785800748773
User 6,SHT,0.9504458210472696
User 6,SHT,0.9382825783832521
User 6,SHT,0.9550096942408671
User 6,SHT,0.9366557907566867
User 6,SHT,0.9430928130343783
User 6,SHT,0.9358983910208752
User 6,SHT,0.9625892430953078
User 6,SHT,0.957020370402488
User 6,SHT,0.9550111355532568
User 6,SHT,0.9280529181345767
User 6,SHT,0.9285153669538949
User 6,SHT,0.9323954909096299
User 60,RET,0.9332145471694484
User 60,RET,0.9308760424559807
User 60,RET,0.91400780309185
User 60,RET,0.928968231184159
User 60,RET,0.9126888852537979
User 60,RET,0.896320062526938
User 60,RET,0.926972014576894
User 60,RET,0.9148624098860955
User 60,RET,0.9195904733770998
User 60,RET,0.9143955501667763
User 60,RET,0.9196970678762081
User 60,RET,0.9405989495793837
User 60,RET,0.9361376874185631
User 60,RET,0.9133769210072297
User 60,RET,0.8960777389891812
User 60,RET,0.914937011019504
User 60,RET,0.9113085162529996
User 60,RET,0.9090028127087094
User 60,RET,0.9210810410043472
User 60,RET,0.9090799997076092
User 60,RET,0.9167398524607959
User 60,RET,0.9410455324948032
User 60,RET,0.907305446930501
User 60,RET,0.9267397463620058
User 60,RET,0.929882926530813
User 60,RET,0.9166192940794589
User 60,RET,0.909271506513407
User 60,RET,0.9058128249648846
User 60,RET,0.8944167227271437
User 60,RET,0.8887158331566082
User 60,RET,0.8845265458429158
User 60,RET,0.9211874310645464
User 60,RET,0.9253931194517642
User 60,RET,0.9267632210636296
User 60,RET,0.9246263719710774
User 60,RET,0.9219974514356647
User 60,RET,0.9236576234156958
User 60,RET,0.9266965668690773
User 60,RET,0.9247696675030838
User 60,RET,0.9212646826531241
User 60,RET,0.9261788704399888
User 60,RET,0.9184095991232217
User 60,RET,0.9176695404029475
User 60,RET,0.9270900960708406
User 60,RET,0.9161167232526638
User 60,RET,0.9165108427610114
User 60,RET,0.9245247684236213
User 60,RET,0.9256665871513747
User 60,RET,0.9165821537401944
User 60,RET,0.9254743055604748
User 60,RET,0.9251658008743394
User 60,RET,0.9199153542144245
User 60,RET,0.952285189608655
User 60,RET,0.9319677312829147
User 60,RET,0.9249206695865212
User 60,RET,0.9258907240337575
User 60,RET,0.9220740235071165
User 60,RET,0.9208411056130292
User 60,RET,0.9345296046166487
User 60,RET,0.9232640327897758
User 60,RET,0.9357826430770065
User 60,RET,0.9308971458178558
User 60,RET,0.9241948800968081
User 60,RET,0.923135718804101
User 60,RET,0.9161753494524252
User 60,RET,0.9123763043676308
User 60,RET,0.9186685215212411
User 60,RET,0.906736561618121
User 60,RET,0.9199430814190493
User 60,RET,0.922222557769089
User 60,RET,0.9325399376643563
User 60,RET,0.9204857011208067
User 60,RET,0.9217699836825934
User 60,RET,0.9279605678886249
User 60,RET,0.9308992990168808
User 61,SHT,0.8966139399716228
User 61,SHT,0.8935670628153077
User 61,SHT,0.8959584131844692
User 61,SHT,0.8830959898700665
User 61,SHT,0.9066686043569139
User 61,SHT,0.903803615757487
User 61,SHT,0.9128101505940606
User 61,SHT,0.9062941039160946
User 61,SHT,0.9130025815347009
User 61,SHT,0.9128577687433421
User 61,SHT,0.9195572026855805
User 62,RET,0.9292776333695041
User 62,RET,0.9377057380751597
User 62,RET,0.960393658601047
User 62,RET,0.9468601529407
User 62,RET,0.9182552886769407
User 62,RET,0.9321709116970608
User 62,RET,0.9245234365136502
User 62,RET,0.9403143865471322
User 62,RET,0.9610919472438707
User 62,RET,0.9368100078758264
User 62,RET,0.9349009405090816
User 62,RET,0.9351512929730492
User 62,RET,0.9518313003196645
User 62,RET,0.9610479589987629
User 62,RET,0.9447119454204826
User 62,RET,0.9568961041178188
User 62,RET,0.9438887664048192
User 62,RET,0.9431045250311597
User 62,RET,0.937964370517208
User 62,RET,0.9427442532424324
User 62,RET,0.9291030831694946
User 62,RET,0.9466435258618514
User 62,RET,0.9468141990295289
User 62,RET,0.9215712933903746
User 62,RET,0.9591889077874384
User 62,RET,0.9369552596578401
User 62,RET,0.9345554301286274
User 62,RET,0.9486393110259105
User 62,RET,0.9458763609982311
User 62,RET,0.9403599756851767
User 62,RET,0.9467519280044915
User 62,RET,0.9629663351036375
User 62,RET,0.9434813916867769
User 62,RET,0.9639602575572314
User 62,RET,0.9424205786397193
User 62,RET,0.9358274344849131
User 62,RET,0.9464255013984031
User 62,RET,0.9483539905661099
User 62,RET,0.945923871755098
User 62,RET,0.9549017581884794
User 62,RET,0.9520844208050991
User 62,RET,0.9345050321565175
User 62,RET,0.9388386319894988
User 62,RET,0.9290981805664541
User 62,RET,0.9434419163564235
User 62,RET,0.9476404895642055
User 62,RET,0.9340002634542931
User 62,RET,0.9274916559063683
User 62,RET,0.9433613976743765
User 62,RET,0.9490464508753719
User 62,RET,0.9436672742788599
User 62,RET,0.953906734048709
User 62,RET,0.9545081587210653
User 62,RET,0.9517622482734575
User 62,RET,0.9450759660885453
User 62,RET,0.9328781338744002
User 62,RET,0.9239456955494508
User 62,RET,0.921785112840552
User 62,RET,0.9618709112802489
User 65,SHT,0.9431513571190867
User 65,SHT,0.9395573456231763
User 65,SHT,0.9562115301483232
User 65,SHT,0.9551129976301493
User 65,SHT,0.936419619240532
User 65,SHT,0.9235436332442045
User 65,SHT,0.9368303405088072
User 65,SHT,0.9326906544638738
User 65,SHT,0.9381025353994756
User 65,SHT,0.9431585021338764
User 65,SHT,0.9102741744936862
User 65,SHT,0.9152779005175389
User 65,SHT,0.9460079247574336
User 65,SHT,0.9433292455070473
User 65,SHT,0.9427012331144972
User 65,SHT,0.9366930056847949
User 65,SHT,0.9486287840069785
User 65,SHT,0.9342619173942643
User 65,SHT,0.9307502740098588
User 65,SHT,0.9397152204241682
User 65,SHT,0.9429340524454234
User 65,SHT,0.9439935330085143
User 65,SHT,0.9358843284073873
User 65,SHT,0.9273082129550877
User 65,SHT,0.9359247076112832
User 65,SHT,0.9331627394098059
User 65,SHT,0.9288160425133442
User 65,SHT,0.9482972172701554
User 65,SHT,0.9440300649552177
User 65,SHT,0.927862106466427
User 65,SHT,0.9344315119445176
User 65,SHT,0.9450843539048924
User 65,SHT,0.9398724674939389
User 65,SHT,0.9495607827727848
User 65,SHT,0.943380878309226
User 65,SHT,0.9300946413584433
User 65,SHT,0.9212362561837077
User 65,SHT,0.9335781713221023
User 65,SHT,0.9346181534178227
User 65,SHT,0.9308805300710492
User 65,SHT,0.9427075652014909
User 65,SHT,0.9389196788876087
User 65,SHT,0.9497250858693124
User 65,SHT,0.9273915892131906
User 65,SHT,0.9258544605889022
User 65,SHT,0.9586300724757758
User 65,SHT,0.9328100138362062
User 65,SHT,0.9423249418923992
User 65,SHT,0.9267231510867647
User 65,SHT,0.9481538748716056
User 65,SHT,0.9242315236815163
User 65,SHT,0.9490635323074836
User 65,SHT,0.9317107380906181
User 65,SHT,0.9319890946445225
User 65,SHT,0.9337962347800189
User 65,SHT,0.9338009348396635
User 65,SHT,0.9392612291702893
User 66,SHT,0.9130769888745006
User 66,SHT,0.9135252159367149
User 66,SHT,0.9201338040323881
User 66,SHT,0.9036200359751243
User 66,SHT,0.9236593513347816
User 66,SHT,0.8909070009889665
User 66,SHT,0.923365307097131
User 66,SHT,0.9314220604769289
User 66,SHT,0.9303628985786132
User 66,SHT,0.9222454461981285
User 66,SHT,0.9180667098896397
User 66,SHT,0.922437184771428
User 66,SHT,0.9165328775112386
User 66,SHT,0.8874828406685795
User 66,SHT,0.8825150964624214
User 66,SHT,0.9137284661426548
User 66,SHT,0.8998303755325865
User 66,SHT,0.9031333475003197
User 66,SHT,0.8928951538136242
User 66,SHT,0.9208563578517568
User 66,SHT,0.9313395866637144
User 66,SHT,0.9264524168527857
User 66,SHT,0.9275310856619585
User 66,SHT,0.9225261150406081
User 66,SHT,0.9135755010677153
User 66,SHT,0.9115624838544799
User 66,SHT,0.9178588537307244
User 66,SHT,0.9257421650437613
User 66,SHT,0.933551862721365
User 66,SHT,0.9028375893035475
User 66,SHT,0.9212039230735997
User 66,SHT,0.9087606619525046
User 66,SHT,0.8846869308186209
User 66,SHT,0.9075539984561649
User 66,SHT,0.9195824322808804
User 66,SHT,0.881509576926683
User 66,SHT,0.9311685235396004
User 66,SHT,0.8960076436424356
User 66,SHT,0.9022717900025446
User 66,SHT,0.9081941041277487
User 66,SHT,0.9120271614654527
User 66,SHT,0.9043589636567413
User 66,SHT,0.9136333096868589
User 66,SHT,0.9262144988632819
User 66,SHT,0.9108051413337561
User 66,SHT,0.908345927831522
User 66,SHT,0.914011368698672
User 66,SHT,0.9084620879249762
User 66,SHT,0.9348705709189918
User 66,SHT,0.9120695932135097
User 67,SHT,0.9093506320991099
User 67,SHT,0.9376725580999143
User 67,SHT,0.9101829647959495
User 67,SHT,0.9185400996696833
User 67,SHT,0.9230193534461913
User 67,SHT,0.9055324384862811
User 67,SHT,0.9469782806283074
User 67,SHT,0.9333605577323308
User 67,SHT,0.8975561985950923
User 67,SHT,0.9080264863520618
User 67,SHT,0.9171908732302314
User 67,SHT,0.926864301403917
User 67,SHT,0.9195126685046435
User 67,SHT,0.9399500942857418
User 67,SHT,0.9103599595863774
User 67,SHT,0.9160505045042366
User 67,SHT,0.9165776453750957
User 67,SHT,0.9365879712186326
User 67,SHT,0.9364070316450788
User 67,SHT,0.9241829190231308
User 67,SHT,0.9018216494042185
User 67,SHT,0.9435681554673568
User 67,SHT,0.9431051612075021
User 67,SHT,0.9345945351243303
User 67,SHT,0.9290262626636236
User 67,SHT,0.9310079867453045
User 67,SHT,0.9600304285849341
User 67,SHT,0.938073840994372
User 67,SHT,0.8914661902815145
User 67,SHT,0.9599606304293
User 67,SHT,0.9111271165826658
User 67,SHT,0.9372342604762708
User 67,SHT,0.9457532000986205
User 67,SHT,0.9601413809446647
User 67,SHT,0.9042549236428838
User 67,SHT,0.9681483971937488
User 67,SHT,0.9399274480793349
User 67,SHT,0.9039365823960458
User 67,SHT,0.9507923908980788
User 67,SHT,0.9167940615607837
User 67,SHT,0.9269154084547496
User 67,SHT,0.9360573404868819
User 67,SHT,0.9383177802925476
User 67,SHT,0.9366862489925489
User 67,SHT,0.9368563226171787
User 67,SHT,0.9362885365898247
User 67,SHT,0.9262143454330688
User 69,SHT,0.9131315696942586
User 69,SHT,0.9375069264273916
User 69,SHT,0.9220757700947828
User 69,SHT,0.9462292544967149
User 69,SHT,0.9192580599230225
User 69,SHT,0.9136851963996511
User 69,SHT,0.936501171058669
User 69,SHT,0.9095412419682332
User 69,SHT,0.93183284462223
User 69,SHT,0.9183049467634921
User 69,SHT,0.9324120416777408
User 69,SHT,0.9500729549819522
User 69,SHT,0.9373757387371302
User 69,SHT,0.9276069387063299
User 69,SHT,0.9377296116759408
User 69,SHT,0.9376855535449858
User 69,SHT,0.9178142275631257
User 69,SHT,0.927680432747738
User 69,SHT,0.9129593950346233
User 69,SHT,0.9379037307336179
User 69,SHT,0.9525545291829496
User 69,SHT,0.9503609284036215
User 69,SHT,0.9392241368073874
User 69,SHT,0.9294590665481581
User 69,SHT,0.918270850177047
User 69,SHT,0.9444695680254902
User 69,SHT,0.9440090626815162
User 69,SHT,0.949045069599247
User 69,SHT,0.957212359625013
User 69,SHT,0.9501925581623274
User 69,SHT,0.9425945543791101
User 69,SHT,0.9439167760273316
User 69,SHT,0.937796663451272
User 69,SHT,0.9408221038796198
User 69,SHT,0.9436946791904013
User 69,SHT,0.9468878246662225
User 69,SHT,0.9435847176632732
User 69,SHT,0.9468635672850539
User 69,SHT,0.9401757882672508
User 69,SHT,0.9468427611341609
User 69,SHT,0.9480176718386355
User 69,SHT,0.9441497822857856
User 69,SHT,0.924590514218389
User 69,SHT,0.9129916673143074
User 69,SHT,0.9181882438262691
User 69,SHT,0.9194215659501471
User 69,SHT,0.9192202053118216
User 69,SHT,0.9485932604920079
User 69,SHT,0.9226945151519145
User 69,SHT,0.9064651719405619
User 69,SHT,0.9068060179587502
User 69,SHT,0.9194990695307331
User 69,SHT,0.9223209783054105
User 69,SHT,0.911516726018991
User 69,SHT,0.9182034870656925
User 69,SHT,0.9431365605005011
User 69,SHT,0.946805820573527
User 69,SHT,0.9108857522262284
User 69,SHT,0.9034159931579369
User 69,SHT,0.9221667834895338
User 69,SHT,0.9442020557247839
User 69,SHT,0.9376343298289892
User 69,SHT,0.9433158676635083
User 69,SHT,0.9466660676158569
User 69,SHT,0.9381343863866534
User 70,RET,0.9324359414939863
User 70,RET,0.9206726623588423
User 70,RET,0.9243703940971201
User 70,RET,0.8979769431234221
User 70,RET,0.9030306942093093
User 70,RET,0.9419585956655613
User 70,RET,0.9269860485810614
User 70,RET,0.93006881742859
User 70,RET,0.9171103598227086
User 70,RET,0.9201279440303576
User 70,RET,0.9151962431121756
User 70,RET,0.9201001100654681
User 70,RET,0.9226596589257618
User 70,RET,0.9397653184404526
User 70,RET,0.9014562160030135
User 70,RET,0.9032821787978615
User 70,RET,0.9055292127385632
User 70,RET,0.9146019674304166
User 70,RET,0.9287004688909305
User 70,RET,0.9268286420542684
User 70,RET,0.9318609330956408
User 70,RET,0.9054357786812662
User 70,RET,0.9227515680762949
User 70,RET,0.9152952985119721
User 70,RET,0.932838873822046
User 70,RET,0.9347051727697957
User 70,RET,0.9127633584974101
User 70,RET,0.9084873796343826
User 70,RET,0.9081053541508528
User 70,RET,0.9346214742517044
User 70,RET,0.9412777257504521
User 70,RET,0.9397972457316309
User 70,RET,0.9381707669566207
User 70,RET,0.9416498945124533
User 70,RET,0.9340519793946953
User 70,RET,0.929133708192031
User 70,RET,0.921084724809002
User 70,RET,0.9187140832468973
User 70,RET,0.9428676187875475
User 70,RET,0.9424313546896801
User 70,RET,0.9566011865658506
User 70,RET,0.9465368298679632
User 70,RET,0.943180295264625
User 70,RET,0.929319238528407
User 70,RET,0.9453161501988033
User 70,RET,0.8957413903360603
User 70,RET,0.9266915842875024
User 70,RET,0.9142248829131424
User 70,RET,0.9180999113292269
User 70,RET,0.9326245904512998
User 70,RET,0.92775541616251
User 70,RET,0.9324492832337927
User 70,RET,0.9405581915785461
User 70,RET,0.9408808038284989
User 70,RET,0.9428767788099661
User 70,RET,0.9089467704331455
User 70,RET,0.911639307517012
User 70,RET,0.921788817570624
User 70,RET,0.9055936182712871
User 70,RET,0.9186419546020136
User 70,RET,0.9170529815774612
User 70,RET,0.9391776571809939
User 70,RET,0.946488537882527
User 70,RET,0.9544670347108831
User 70,RET,0.9021133559620012
User 70,RET,0.9239564949039876
User 70,RET,0.904018369097173
User 70,RET,0.9310544926457538
User 71,RET,0.9334341426436858
User 71,RET,0.9346235776662836
User 71,RET,0.9383527316796165
User 71,RET,0.9446444603133279
User 71,RET,0.9429161059283416
User 71,RET,0.9354858933665586
User 71,RET,0.922496440474798
User 71,RET,0.9417168505993959
User 71,RET,0.9348455245861734
User 71,RET,0.9313754822422166
User 71,RET,0.9224774086367962
User 71,RET,0.9228101425595988
User 71,RET,0.9280881732514565
User 71,RET,0.9225855498504033
User 71,RET,0.9380276506053569
User 71,RET,0.9206277772158811
User 71,RET,0.9341333200148086
User 71,RET,0.9313730777912125
User 71,RET,0.9322637715020765
User 71,RET,0.9347288478036169
User 71,RET,0.9294207428879145
User 71,RET,0.9191338336476216
User 71,RET,0.9191868637671443
User 71,RET,0.9188297636601783
User 71,RET,0.8980895354900199
User 71,RET,0.8826502906885393
User 71,RET,0.9323855797458029
User 71,RET,0.9301599400333881
User 71,RET,0.8942889171301941
User 71,RET,0.8811200748024414
User 71,RET,0.913284533962848
User 71,RET,0.9239391708257833
User 71,RET,0.9202923512945075
User 71,RET,0.9217420319840418
User 71,RET,0.9226028869013062
User 71,RET,0.9347986385813403
User 71,RET,0.9237254333973504
User 71,RET,0.926537159453769
User 71,RET,0.9309767843027327
User 71,RET,0.9232992460425063
User 71,RET,0.9348107123585769
User 71,RET,0.9302231826542277
User 71,RET,0.9396757150889291
User 71,RET,0.9350683763780491
User 72,RET,0.9265624708446062
User 72,RET,0.9149154689367583
User 72,RET,0.9231210078903354
User 72,RET,0.9129328151285676
User 72,RET,0.9084807578244982
User 72,RET,0.9441266149682512
User 72,RET,0.9455363339380153
User 72,RET,0.9139085359430272
User 72,RET,0.9163984600273101
User 72,RET,0.9207574161799368
User 72,RET,0.9245198386049612
User 72,RET,0.9452935080545867
User 72,RET,0.9048668258115927
User 72,RET,0.9209775258730007
User 72,RET,0.9250253661993015
User 72,RET,0.9189689135432363
User 72,RET,0.9174235327858997
User 72,RET,0.9079692714900387
User 72,RET,0.9129085697203646
User 72,RET,0.9489140203209256
User 72,RET,0.9263134580129578
User 72,RET,0.9372618926919385
User 72,RET,0.9262483328568096
User 72,RET,0.9318839735980385
User 72,RET,0.9025575600446764
User 72,RET,0.9380254510314162
User 72,RET,0.9118653470018822
User 72,RET,0.9259788664524866
User 72,RET,0.9147972652848957
User 72,RET,0.9460179810304001
User 72,RET,0.9161864212634806
User 72,RET,0.9215663756790302
User 72,RET,0.9336788961213978
User 72,RET,0.9468009906573988
User 72,RET,0.9303209694991734
User 72,RET,0.9341744786439198
User 72,RET,0.9356856092238546
User 72,RET,0.9411773006162202
User 72,RET,0.9211983452101483
User 72,RET,0.9255900295988315
User 72,RET,0.9424078470421898
User 72,RET,0.9295091403524401
User 72,RET,0.9201304272778611
User 72,RET,0.9389232828434539
User 72,RET,0.940717400616264
User 72,RET,0.9433885467659232
User 72,RET,0.9343717779966126
User 72,RET,0.9582356628898349
User 72,RET,0.9353543958153258
User 72,RET,0.9296286344498433
User 72,RET,0.9405193395519666
User 72,RET,0.9279603534488652
User 72,RET,0.9286559333441802
User 72,RET,0.926110821923161
User 72,RET,0.9317232569850794
User 72,RET,0.9180637935634227
User 72,RET,0.9530824438820734
User 72,RET,0.9294292757536416
User 72,RET,0.9256283096930656
User 72,RET,0.9223085852847784
User 72,RET,0.9279780418026843
User 72,RET,0.9238886883607974
User 73,SHT,0.9360105543004478
User 73,SHT,0.9340676902942537
User 73,SHT,0.9310443703180671
User 73,SHT,0.9379883994791448
User 73,SHT,0.9316965979887881
User 73,SHT,0.9241237358797856
User 73,SHT,0.9451578307222599
User 73,SHT,0.9653950174680921
User 73,SHT,0.9169809421519143
User 73,SHT,0.923392753030746
User 73,SHT,0.9407146661937754
User 73,SHT,0.9123935191841644
User 73,SHT,0.9567979215591313
User 73,SHT,0.9093228053526772
User 73,SHT,0.9268150070222504
User 73,SHT,0.9428511371553282
User 73,SHT,0.9350339833273315
User 73,SHT,0.9516880295761365
User 73,SHT,0.9369213361250727
User 73,SHT,0.9466555473760199
User 73,SHT,0.9352456404582049
User 73,SHT,0.902334928494609
User 73,SHT,0.9347472192935476
User 73,SHT,0.932875665765065
User 73,SHT,0.9382267507190171
User 73,SHT,0.9327234447136261
User 73,SHT,0.9461791062834601
User 73,SHT,0.931925265192697
User 73,SHT,0.9351719097329119
User 73,SHT,0.9362731696978627
User 73,SHT,0.9167740193765416
User 73,SHT,0.9339263548958725
User 73,SHT,0.9340249955704384
User 73,SHT,0.9349633685886373
User 73,SHT,0.9347904091178404
User 73,SHT,0.934693052976643
User 73,SHT,0.9154533910788766
User 73,SHT,0.9081280049434978
User 73,SHT,0.9206110839046727
User 73,SHT,0.930665168413512
User 73,SHT,0.9349752691743158
User 73,SHT,0.9429095499102922
User 73,SHT,0.9508764961064291
User 73,SHT,0.9224433809549858
User 73,SHT,0.9407213584968828
User 73,SHT,0.9369584120816751
User 73,SHT,0.9392493521764043
User 74,RET,0.9208124702133812
User 74,RET,0.9199367841495566
User 74,RET,0.9370179259862566
User 74,RET,0.9273740210605983
User 74,RET,0.941025544126218
User 74,RET,0.9306699228231655
User 74,RET,0.9234900731587428
User 74,RET,0.9119643723810441
User 74,RET,0.9192137395498422
User 74,RET,0.9271001145381088
User 74,RET,0.8973319481373299
User 74,RET,0.9057865484203191
User 74,RET,0.9061529716428081
User 74,RET,0.9204303023026029
User 74,RET,0.9096164865584133
User 74,RET,0.9206558918808085
User 74,RET,0.9214754621700261
User 74,RET,0.9295625500173155
User 74,RET,0.918224465406648
User 74,RET,0.9036553668506624
User 74,RET,0.913244885270161
User 74,RET,0.903548830686157
User 74,RET,0.9152487923619008
User 74,RET,0.931483070797027
User 74,RET,0.9042654023206049
User 74,RET,0.9382221020434748
User 74,RET,0.9261027725028217
User 74,RET,0.9112012519223814
User 74,RET,0.9086437380448256
User 74,RET,0.9103448688466651
User 74,RET,0.9060552454338465
User 74,RET,0.9156804758812798
User 74,RET,0.9033625868093718
User 74,RET,0.8945332295638879
User 74,RET,0.9013109900294545
User 74,RET,0.8988497391850582
User 74,RET,0.9208295642543839
User 74,RET,0.919610981601848
User 74,RET,0.9221116829571594
User 74,RET,0.9270517640392506
User 74,RET,0.9028091283286961
User 74,RET,0.9298727015520684
User 74,RET,0.9289620195185319
User 74,RET,0.9252116789972534
User 74,RET,0.9369819866870922
User 74,RET,0.9003834845145468
User 74,RET,0.9244618318300082
User 74,RET,0.9102555179338371
User 74,RET,0.9010926255156283
User 74,RET,0.9282894557646579
User 74,RET,0.9085828692354695
User 74,RET,0.9020017621884295
User 74,RET,0.9262107382256473
User 74,RET,0.9124267345044796
User 74,RET,0.9241476005594472
User 74,RET,0.9122608928754283
User 74,RET,0.9130569873976585
User 74,RET,0.8991700380766184
User 74,RET,0.9070186102814236
User 74,RET,0.9118539301424057
User 74,RET,0.9094931031888241
User 74,RET,0.9253642952141942
User 74,RET,0.8954977656166735
User 74,RET,0.906897403475318
User 74,RET,0.9061269408449244
User 74,RET,0.8936029540373105
User 75,RET,0.8985574181779753
User 75,RET,0.9386708446095678
User 75,RET,0.917943839350933
User 75,RET,0.9175817420478574
User 75,RET,0.9117420871001238
User 75,RET,0.9091522666912822
User 75,RET,0.8983482874766948
User 75,RET,0.9386525271809913
User 75,RET,0.9030078380012401
User 75,RET,0.9089610721624637
User 75,RET,0.920036322381954
User 75,RET,0.920624779329957
User 75,RET,0.9035562619733744
User 75,RET,0.9432549111600224
User 75,RET,0.9204396950196765
User 75,RET,0.8948021174734249
User 75,RET,0.9202827195951145
User 75,RET,0.9097481433778425
User 75,RET,0.9289448896753887
User 75,RET,0.922330587144093
User 75,RET,0.9181809259435734
User 75,RET,0.9177892914418448
User 75,RET,0.9118590460576306
User 75,RET,0.9403517571743568
User 75,RET,0.9375397365415554
User 75,RET,0.9143179923433462
User 75,RET,0.9208315954422903
User 75,RET,0.9123821373914108
User 75,RET,0.9247753104194377
User 75,RET,0.9309829417498063
User 75,RET,0.9117693435556663
User 75,RET,0.8998061869867005
User 75,RET,0.9040190707064891
User 75,RET,0.9083603802911066
User 75,RET,0.9002546299347203
User 75,RET,0.8907789631808948
User 75,RET,0.910776982805156
User 75,RET,0.9354685178126974
User 75,RET,0.9232592384111877
User 75,RET,0.910559217854759
User 75,RET,0.908822130234579
User 75,RET,0.8963085932097553
User 75,RET,0.9174822366662901
User 75,RET,0.9450076107915354
User 75,RET,0.9192823051761665
User 75,RET,0.9056431492811877
User 75,RET,0.9190552156217943
User 75,RET,0.9188453030893264
User 75,RET,0.9054783515374056
User 75,RET,0.9099493393225767
User 75,RET,0.9116496018606525
User 75,RET,0.9298777432992006
User 75,RET,0.9168142279554351
User 75,RET,0.919795705581722
User 75,RET,0.9119209678800196
User 75,RET,0.9073268057594361
User 76,RET,0.9418193914898817
User 76,RET,0.9198715104879216
User 76,RET,0.9247931940592558
User 76,RET,0.9306152953434212
User 76,RET,0.926899232597611
User 76,RET,0.9359171539120137
User 76,RET,0.9281573056183363
User 76,RET,0.9349533241893642
User 76,RET,0.933398903674566
User 76,RET,0.9379170266760547
User 76,RET,0.9400799405500493
User 76,RET,0.9483934447271063
User 76,RET,0.9490269178105238
User 76,RET,0.92119100148221
User 76,RET,0.9274930004055089
User 76,RET,0.9328240875755405
User 76,RET,0.9296043679855093
User 76,RET,0.9145225179968519
User 76,RET,0.9133771982093499
User 76,RET,0.9370661287011899
User 76,RET,0.937696255416405
User 76,RET,0.9469097997669566
User 76,RET,0.9247017989196293
User 76,RET,0.921515818153315
User 76,RET,0.9213960590556353
User 76,RET,0.9191864575861116
User 76,RET,0.9280749057796617
User 76,RET,0.92710878046676
User 76,RET,0.929809084475475
User 76,RET,0.9319288347815539
User 76,RET,0.9216858972743407
User 76,RET,0.9228107526721012
User 76,RET,0.9264177109811124
User 76,RET,0.925374740301568
User 76,RET,0.9319695948189478
User 76,RET,0.9402681405193642
User 76,RET,0.9199674239190844
User 76,RET,0.9242734701706058
User 76,RET,0.9480426808781499
User 76,RET,0.9302694214045311
User 76,RET,0.9364487884396313
User 76,RET,0.9227364340282839
User 76,RET,0.9314388085214619
User 76,RET,0.9268272938021405
User 76,RET,0.9429179558146227
User 76,RET,0.9230887646225197
User 76,RET,0.9147343310581206
User 76,RET,0.940317445042171
User 76,RET,0.936678100266977
User 76,RET,0.907489530470355
User 76,RET,0.9301339102123526
User 76,RET,0.924620001519537
User 76,RET,0.9303745385988592
User 76,RET,0.9325491917452662
User 76,RET,0.9339177166712939
User 76,RET,0.9320018533286583
User 76,RET,0.9430274018759346
User 76,RET,0.9152814028915572
User 76,RET,0.9186132456031554
User 76,RET,0.9184472377278879
User 76,RET,0.9309173010418286
User 76,RET,0.9414111154667172
User 77,SHT,0.939079186062954
User 77,SHT,0.9365883106573712
User 77,SHT,0.9376389162516432
User 77,SHT,0.9246749023463774
User 77,SHT,0.9343402046608001
User 77,SHT,0.9328370541628151
User 77,SHT,0.9468600265969802
User 77,SHT,0.9601104775602584
User 77,SHT,0.9355458571313773
User 77,SHT,0.926858140362056
User 77,SHT,0.9188537815568159
User 77,SHT,0.9357475398172447
User 77,SHT,0.9303915437695278
User 77,SHT,0.9221417461572788
User 77,SHT,0.9320279393030723
User 77,SHT,0.9506944636149518
User 77,SHT,0.9343324162869531
User 77,SHT,0.9428869299485563
User 77,SHT,0.9326610799831702
User 77,SHT,0.9412757481303988
User 77,SHT,0.9377286931033425
User 77,SHT,0.9169012249961516
User 77,SHT,0.9298460943841628
User 77,SHT,0.9439802240615259
User 77,SHT,0.9273374060573119
User 77,SHT,0.9527825880108394
User 77,SHT,0.9282074914185201
User 77,SHT,0.9328709423099565
User 77,SHT,0.9345642483446501
User 77,SHT,0.9286153120407507
User 77,SHT,0.9290066958872648
User 77,SHT,0.9547091051716527
User 77,SHT,0.9314134124781392
User 77,SHT,0.9287811166377586
User 77,SHT,0.9610531064713081
User 77,SHT,0.9378439565064779
User 77,SHT,0.9346680012832393
User 77,SHT,0.9358426740101143
User 77,SHT,0.9534045411587843
User 77,SHT,0.9182376050078586
User 77,SHT,0.9387199262711654
User 77,SHT,0.9357679359076895
User 77,SHT,0.921686287706963
User 77,SHT,0.9326809670859638
User 77,SHT,0.934849618825588
User 77,SHT,0.9472964154798986
User 77,SHT,0.9326399337144735
User 77,SHT,0.9333647629600337
User 77,SHT,0.9215080489946065
User 77,SHT,0.9284552066142365
User 77,SHT,0.9335198671953415
User 77,SHT,0.9339605964030049
User 77,SHT,0.9491279222213369
User 77,SHT,0.953513349978594
User 77,SHT,0.9285925646323712
User 77,SHT,0.9228899176830239
User 77,SHT,0.9434264362148802
User 77,SHT,0.9246175761484303
User 78,SHT,0.9232589270445288
User 78,SHT,0.9296775018601398
User 78,SHT,0.9280622204745136
User 78,SHT,0.9375640390009975
User 78,SHT,0.9185316798996647
User 78,SHT,0.9407449563181447
User 78,SHT,0.928604605992326
User 78,SHT,0.9317569067844795
User 78,SHT,0.9358292265086294
User 78,SHT,0.9353425687912618
User 78,SHT,0.9392010455574905
User 78,SHT,0.9282365450735173
User 78,SHT,0.927215634294959
User 78,SHT,0.9311947101965177
User 78,SHT,0.93579404496704
User 78,SHT,0.9290981060319631
User 78,SHT,0.9244239290403325
User 78,SHT,0.9308471480910661
User 78,SHT,0.9298887393423656
User 78,SHT,0.9333895636375261
User 78,SHT,0.9473293651235867
User 78,SHT,0.939779250477705
User 78,SHT,0.951119930636609
User 78,SHT,0.9441077707556397
User 78,SHT,0.9326922790065091
User 78,SHT,0.9228089983963319
User 78,SHT,0.9389492981084243
User 78,SHT,0.9344266050260027
User 78,SHT,0.9355049644906417
User 78,SHT,0.9405349757633056
User 78,SHT,0.9430553877520775
User 78,SHT,0.9409953117826864
User 78,SHT,0.9315600685134083
User 78,SHT,0.9321645195730631
User 78,SHT,0.9223157062923555
User 78,SHT,0.9328943297532419
User 78,SHT,0.9297589832696966
User 78,SHT,0.9375501889833423
User 78,SHT,0.9293729923216957
User 78,SHT,0.9304185272995442
User 78,SHT,0.9257518519487467
User 78,SHT,0.9221913344571632
User 78,SHT,0.9282321110345706
User 78,SHT,0.9341589742635832
User 78,SHT,0.9308533811546645
User 78,SHT,0.9466012174643271
User 78,SHT,0.9384034470087937
User 78,SHT,0.9303407487185665
User 78,SHT,0.9249215753808733
User 78,SHT,0.930570707418324
User 78,SHT,0.928258979937998
User 78,SHT,0.9269342929071324
User 78,SHT,0.9274688652686252
User 78,SHT,0.9289013962296518
User 78,SHT,0.9256728181717142
User 79,RET,0.9321068311487969
User 79,RET,0.9277998654394826
User 79,RET,0.9189416194314073
User 79,RET,0.9282782040019971
User 79,RET,0.9290164929515791
User 79,RET,0.9270891750045569
User 79,RET,0.9277967560189316
User 79,RET,0.9233913102312896
User 79,RET,0.9359513022804243
User 79,RET,0.930912423946106
User 79,RET,0.9182547378769137
User 79,RET,0.9242458687993856
User 79,RET,0.9346602299595963
User 79,RET,0.9242171312522759
User 79,RET,0.9245085588996772
User 79,RET,0.9287673552273882
User 79,RET,0.921430179395313
User 79,RET,0.9298015924614028
User 79,RET,0.9194423014971437
User 79,RET,0.9193939255813085
User 79,RET,0.9194137067432985
User 79,RET,0.9233755457669022
User 79,RET,0.9242160194785675
User 79,RET,0.9211118230851753
User 79,RET,0.9223811972940393
User 79,RET,0.9284321042691176
User 79,RET,0.9208166040100004
User 79,RET,0.9249066495195613
User 79,RET,0.9222120478847294
User 79,RET,0.9257624076903344
User 79,RET,0.9288527824114292
User 79,RET,0.9223268156244938
User 79,RET,0.9238570934459237
User 79,RET,0.922484941287595
User 79,RET,0.9259213060808774
User 79,RET,0.9244686259389634
User 79,RET,0.924527489966918
User 79,RET,0.9206397672879352
User 79,RET,0.9272487238371167
User 79,RET,0.9291532743035739
User 79,RET,0.930622350212568
User 79,RET,0.9277529152054562
User 79,RET,0.9149656545510639
User 79,RET,0.9226370489449319
User 79,RET,0.925277111119796
User 79,RET,0.937331848989087
User 79,RET,0.9239702832930188
User 79,RET,0.9205965176066022
User 79,RET,0.9328681816572005
User 79,RET,0.9238293434816213
User 79,RET,0.928444992310574
User 79,RET,0.9217498534441173
User 79,RET,0.9289888327184996
User 79,RET,0.930295702547025
User 79,RET,0.9286526115148207
User 79,RET,0.9308182018333693
User 79,RET,0.9327615045872067
User 79,RET,0.9339507830237331
User 79,RET,0.9299012288652034
User 79,RET,0.9295414726551998
User 79,RET,0.9267082929347575
User 79,RET,0.9278674005604003
User 79,RET,0.9308000001363061
User 79,RET,0.9353050723506371
User 79,RET,0.9329524767582539
User 79,RET,0.9257005121071001
User 79,RET,0.9263903266361098
User 79,RET,0.9223015355269707
User 79,RET,0.9269414456020916
User 8,SHT,0.9405287297054997
User 8,SHT,0.9407477776419566
User 8,SHT,0.9262685347402801
User 8,SHT,0.9308284638488081
User 8,SHT,0.9323906463883583
User 8,SHT,0.9294785923432047
User 8,SHT,0.9268304776525882
User 8,SHT,0.9252754533369324
User 8,SHT,0.9321122991197013
User 8,SHT,0.9350007647328293
User 8,SHT,0.9263292375368831
User 8,SHT,0.9420465991993615
User 8,SHT,0.9330514650618928
User 8,SHT,0.9344476262313846
User 8,SHT,0.9305043114748692
User 8,SHT,0.9323209443837464
User 8,SHT,0.942702596121403
User 8,SHT,0.9363140901564535
User 8,SHT,0.9294058879176105
User 8,SHT,0.933660277014471
User 8,SHT,0.9410649819277273
User 8,SHT,0.9378584264297856
User 8,SHT,0.9518479394632821
User 8,SHT,0.9248481456613529
User 8,SHT,0.9252511186624363
User 8,SHT,0.9297971162896151
User 8,SHT,0.9279841460292803
User 8,SHT,0.9405102429158232
User 8,SHT,0.9290590270210699
User 8,SHT,0.9463079416820606
User 8,SHT,0.9460908746190531
User 8,SHT,0.9338024290053769
User 8,SHT,0.9356062257779266
User 8,SHT,0.938147540294258
User 8,SHT,0.9499355728270805
User 8,SHT,0.9360600011243259
User 8,SHT,0.9462413853692461
User 8,SHT,0.9369145603214487
User 8,SHT,0.9339971824373005
User 8,SHT,0.932257381918179
User 8,SHT,0.9249390889231429
User 8,SHT,0.947521009757813
User 8,SHT,0.9310136624393485
User 8,SHT,0.9353333187224716
User 8,SHT,0.9402030960946473
User 8,SHT,0.9360481155113293
User 8,SHT,0.9376938811700365
User 8,SHT,0.9276291652513816
User 8,SHT,0.9355456062699653
User 8,SHT,0.9307576031848113
User 8,SHT,0.9349835394759568
User 8,SHT,0.9405181836309664
User 80,SHT,0.928398327172789
User 80,SHT,0.925014850269603
User 80,SHT,0.9338424100584304
User 80,SHT,0.9212672754516911
User 80,SHT,0.9218796265375385
User 80,SHT,0.9322512999515938
User 80,SHT,0.9323024106975283
User 80,SHT,0.9384062821195933
User 80,SHT,0.9301337981874246
User 80,SHT,0.9331820339678146
User 80,SHT,0.9231414725132083
User 80,SHT,0.9250675328688106
User 80,SHT,0.9344818068088774
User 80,SHT,0.9305587885848947
User 80,SHT,0.9268734263657479
User 80,SHT,0.9295101018055799
User 80,SHT,0.9228938578838861
User 80,SHT,0.9364631757070372
User 80,SHT,0.9025380537167623
User 80,SHT,0.9303846947749883
User 80,SHT,0.9323511716004438
User 80,SHT,0.9223797992998043
User 80,SHT,0.931314383949257
User 80,SHT,0.9256053162512939
User 80,SHT,0.9290841042327895
User 80,SHT,0.9202866343210274
User 80,SHT,0.9292391053346606
User 80,SHT,0.9320400831433365
User 80,SHT,0.9322036286349997
User 80,SHT,0.9352549728167089
User 80,SHT,0.9325535586603138
User 80,SHT,0.9313696076558797
User 80,SHT,0.9336829139760254
User 80,SHT,0.9359665385788067
User 80,SHT,0.9434430528987903
User 80,SHT,0.9416326072565179
User 80,SHT,0.9416337414338084
User 80,SHT,0.9281446456643858
User 80,SHT,0.919355271184331
User 80,SHT,0.9173789113014478
User 80,SHT,0.923841464595721
User 80,SHT,0.9058178486606429
User 80,SHT,0.9440490772680175
User 80,SHT,0.9348509949603682
User 80,SHT,0.9321718184754291
User 80,SHT,0.9316356971496789
User 80,SHT,0.9256246843319524
User 80,SHT,0.9279355161563311
User 80,SHT,0.9392032386618112
User 80,SHT,0.9374788002828264
User 80,SHT,0.9313765662179183
User 80,SHT,0.9305909096790675
User 80,SHT,0.9189366941440258
User 80,SHT,0.9234932939229166
User 80,SHT,0.9294887673394571
User 80,SHT,0.9240398181859709
User 80,SHT,0.9397355657425763
User 80,SHT,0.932810490908965
User 80,SHT,0.9361909097973451
User 80,SHT,0.9246221587375921
User 80,SHT,0.9316223191341071
User 80,SHT,0.9358072513160115
User 80,SHT,0.9292679663537429
User 80,SHT,0.9291490221912252
User 80,SHT,0.9399990698422557
User 80,SHT,0.9414705018839029
User 80,SHT,0.9377777316172016
User 80,SHT,0.944639201816196
User 80,SHT,0.9339443493146544
User 80,SHT,0.9515284341167085
User 80,SHT,0.9288248663787704
User 80,SHT,0.9253233012549142
User 80,SHT,0.9292759842867806
User 80,SHT,0.9320264173619756
User 80,SHT,0.9375982657133394
User 80,SHT,0.9368280601664569
User 80,SHT,0.9340078665689857
User 80,SHT,0.9259377510658765
User 80,SHT,0.9330568111439571
User 80,SHT,0.9301378679144031
User 80,SHT,0.9281956428099926
User 80,SHT,0.9271290685492563
User 80,SHT,0.9251128585426596
User 80,SHT,0.9233714419301221
User 80,SHT,0.9186860072417583
User 80,SHT,0.9195386439960063
User 80,SHT,0.9254944951112383
User 80,SHT,0.9308346495165821
User 80,SHT,0.9190358771291179
User 81,RET,0.9608903730581597
User 81,RET,0.9580448077135122
User 81,RET,0.9572415418952495
User 81,RET,0.9598708513014507
User 81,RET,0.9486078351245678
User 81,RET,0.9565904855423563
User 81,RET,0.9507701082562686
User 81,RET,0.9557128283507496
User 81,RET,0.9470951719219469
User 81,RET,0.9503876457115922
User 81,RET,0.9534876412428476
User 81,RET,0.9534873308979308
User 81,RET,0.9434031053187065
User 81,RET,0.9445449239146709
User 81,RET,0.9420150713953236
User 81,RET,0.9504662675210346
User 81,RET,0.9529684786990907
User 81,RET,0.9534317258051543
User 81,RET,0.9658680487151463
User 81,RET,0.9493834451023375
User 81,RET,0.9469374120652603
User 81,RET,0.9551306261831326
User 81,RET,0.9516965803905105
User 81,RET,0.9546192288974341
User 81,RET,0.9584066513621913
User 81,RET,0.9420173946840791
User 81,RET,0.950229490004078
User 81,RET,0.9561635507765563
User 81,RET,0.9522971678298128
User 81,RET,0.9506347587468921
User 81,RET,0.9483511281647797
User 81,RET,0.9499228531318468
User 81,RET,0.9454406154648458
User 81,RET,0.962983580585413
User 9,RET,0.9368271272327598
User 9,RET,0.9522502329242516
User 9,RET,0.9209845657054542
User 9,RET,0.9284282056527878
User 9,RET,0.9083857663506395
User 9,RET,0.9203937653870957
User 9,RET,0.9415594547699335
User 9,RET,0.941493018676656
User 9,RET,0.9278256575806543
User 9,RET,0.9125532274502994
User 9,RET,0.9354656577716525
User 9,RET,0.9145719577418682
User 9,RET,0.9397448996937984
User 9,RET,0.9370953925345483
User 9,RET,0.930013564512185
User 9,RET,0.9251135960681458
User 9,RET,0.9374608543657663
User 9,RET,0.915431225002271
User 9,RET,0.9401437017501785
User 9,RET,0.9268776311082968
User 9,RET,0.9302464309589331
User 9,RET,0.9375972880494892
User 9,RET,0.923917963307536
User 9,RET,0.9135417266865885
User 9,RET,0.9378106732099823
User 9,RET,0.9082938002214803
User 9,RET,0.9293766526742994
User 9,RET,0.9169360244129402
User 9,RET,0.9270153572516097
User 9,RET,0.9407697500976823
User 9,RET,0.9236014231898282
User 9,RET,0.9296402065055032
User 9,RET,0.9126765469916845
User 9,RET,0.9142946802387827
User 9,RET,0.9226488063150539
User 9,RET,0.9258809391710853
User 9,RET,0.9152883671250748
User 9,RET,0.9108620415837818
User 9,RET,0.9089291555322715
User 9,RET,0.8964424501569707
User 9,RET,0.9082474526420108
User 9,RET,0.9141264839960254
User 9,RET,0.9082022412171815
User 9,RET,0.9230230335558209
User 9,RET,0.9119342839520647
User 9,RET,0.9309753823666906
User 9,RET,0.9117347519294936
User 9,RET,0.9106726042860503
User 9,RET,0.9507632192002721
User 9,RET,0.9171042017419592
User 9,RET,0.9125133094137238
User 9,RET,0.9492490489050731
User 9,RET,0.9136762930734164
User 9,RET,0.9156207448439466
User 9,RET,0.9329610799073284
User 9,RET,0.9136995542945635
User 9,RET,0.9325846991531704
